id,M15_1_Ndata,M15_1_amplitude,M15_1_chi2/N,M15_1_data_avg_err,M15_1_dec,M15_1_dist,M15_1_fname,M15_1_period,M15_1_period_err,M15_1_ra,M15_2_Ndata,M15_2_amplitude,M15_2_chi2/N,M15_2_data_avg_err,M15_2_dec,M15_2_dist,M15_2_fname,M15_2_period,M15_2_period_err,M15_2_ra,M15_3_Ndata,M15_3_amplitude,M15_3_chi2/N,M15_3_data_avg_err,M15_3_dec,M15_3_dist,M15_3_fname,M15_3_period,M15_3_period_err,M15_3_ra,M15_4_Ndata,M15_4_amplitude,M15_4_chi2/N,M15_4_data_avg_err,M15_4_dec,M15_4_dist,M15_4_fname,M15_4_period,M15_4_period_err,M15_4_ra,period,period_err,amplitude,N_data,chi2/N,data_mag_mean_err,dist_to_GCVS_deg,field,pick_method,H&M_id,ra,dec,p_corwin,p_silbermann,p_ferro,p_siegel,priors_mag_upper,priors_mag_lower,priors_period_guess,p1,p2,p_bailey,p_wemple,p_filippenko,p_hogg,confidences,err_cut,periors_mag_lower,mean_mag,type,pf,A1,Af
V001,,,,,,,,,,,97.0,1.0250919599781518,0.038468920280963416,0.008698412698412698,12.173964199999999,0.4177136753050985,002.dat,1.4378019788335772,5.064682648921707e-07,322.4590257,,,,,,,,,,,116.0,1.055348596045457,0.05877492374690443,0.011090163934426292,12.1739703,0.6243691447502944,009.dat,1.4378374343288505,3.6616514364762e-07,322.4589576,1.4378374343288505,3.6616514364762e-07,1.0710000000000002,116.0,0.05877492374690443,0.011090163934426292,0.6243691447502944,M15_4,Ndata,M15_4_009,322.4589576,12.1739703,1.4378,1.437712,,1.437775,,,,1.074824051156864,,1.43744,1.4375,,1.437712,1.0,,,14.987350427350426,Cepheid,1.4378374343288505,0.12443617527314645,1.135919011967122
V002,,,,,,,,,,,106.0,0.5511954062033695,0.14528558438675002,0.02245637583892615,12.168692199999999,0.37082266383398266,036.dat,0.6843059467359083,2.0034238285904487e-06,322.4437742,,,,,,,,,,,104.0,0.5119689162758974,0.07059588408634578,0.0232857142857143,12.1686981,0.5117034638457543,051.dat,0.6842913304868363,4.707907781381039e-06,322.4437317,0.6843043746429507,1.601162570293833e-07,0.488,106.0,0.14528558438675002,0.02245637583892615,0.37082266383398266,M15_2,dist_to_GCVS,M15_2_036,322.4437742,12.168692199999999,,0.6843,0.6843,0.6841473000000001,15.4,,,0.5060267062837717,,0.66352,0.6842699999999999,0.684349,0.6843,1.0,,,15.741275862068965,RRab,0.6843043746429507,0.21055396248119074,0.5918726174508429
V003,,,,,,,,,,,149.0,0.5179636176176832,0.02157785568651039,0.013835365853658526,12.153865199999998,0.45130445867976504,030.dat,0.3887206321304071,8.549905664571803e-06,322.4221923,,,,,,,,,,,,,,,,,,,,,0.3887206321304071,8.549905664571803e-06,0.4840000000000005,149.0,0.02157785568651039,0.013835365853658526,0.45130445867976504,M15_2,Ndata,M15_2_030,322.4221923,12.153865199999998,,0.388746,0.388746,0.3887274000000001,,,,0.3887206321304071,,0.381915,0.3891545,0.388761,0.388746,1.0,,,15.828361842105265,RRc,0.5196812018666515,0.5399362287058391,0.07292481688835828
V004,,,,,,,,,,,148.0,0.6653167085131333,0.8078653344015769,0.013756097560975613,12.1215959,0.2843190844090013,047.dat,0.2385673576096516,1.9196503560295075e-07,322.46096239999997,,,,,,,,,,,,,,,,,,,,,0.3135891169423424,2.414402594525601e-08,0.6259999999999981,148.0,0.8078653344015769,0.013756097560975613,0.2843190844090013,M15_2,Ndata,M15_2_047,322.46096239999997,12.1215959,,0.313587,,0.3135568,,,,0.3135891169423424,,0.313575,0.31335749999999996,0.313575,0.313587,1.0,,,15.919275641025644,RRc,0.4169669165816319,0.6812668077617959,0.09970979048014783
V005,,,,,,,,,,,136.0,0.5492373715019472,0.828151904052768,0.011554878048780557,12.1080853,0.301994402374368,052.dat,0.5547064128965297,2.1090883414257934e-07,322.4646267,,,,,,,,,,,,,,,,,,,,,0.3842119535473383,7.214155134547747e-08,0.5360000000000018,136.0,0.828151904052768,0.011554878048780557,0.301994402374368,M15_2,Ndata,M15_2_052,322.4646267,12.1080853,,0.384215,,0.3842009,,,,0.3842119535473383,,0.384533,,0.384221,0.384215,1.0,,,15.783993710691822,RRc,0.5129664897653993,0.5742117289855191,0.1122963109478956
V006,,,,,,,,,,,,,,,,,,,,,148.0,0.9139939469260304,0.26157566885698713,0.01835220125786164,12.188635699999999,0.3415968737343347,061.dat,0.6660056864575675,2.9413212809476522e-06,322.49950710000013,63.0,1.9950634487226129,0.2616318360684826,0.02107352941176473,12.1886378,0.8238297584112125,030.dat,0.6661205168451101,1.26214458049191e-06,322.4993565,0.6660150938740739,1.7339819844993046e-07,1.0160000000000005,148.0,0.26157566885698713,0.01835220125786164,0.3415968737343347,M15_3,Ndata,M15_3_061,322.49950710000013,12.188635699999999,0.6659999999999999,0.665967,,0.6659238000000001,,16.4,,0.4974920867954009,,0.6659649999999999,0.665971,0.665968,0.665967,1.0,,,15.855682119205296,RRab,0.6660150938740739,0.6167581993359903,1.0432561939111211
V007,,,,,,,,,,,,,,,,,,,,,133.0,0.5819984671980194,0.044778824519236864,0.019064102564102545,12.1878518,0.6682485838351551,053.dat,0.3675634371405662,1.2087470171930618e-06,322.49553039999995,95.0,0.5667798294732282,0.2109068949145096,0.019029702970297054,12.187846400000002,0.7921684935504127,041.dat,0.5821587625183703,1.0044032478176664e-07,322.495495,0.3675634371405662,1.2087470171930618e-06,0.6260000000000017,133.0,0.044778824519236864,0.019064102564102545,0.6682485838351551,M15_3,Ndata,M15_3_053,322.49553039999995,12.1878518,0.367557,0.367557,,0.3675779000000001,,,,0.3675634371405662,,0.348796,0.348796,0.367573,0.367557,1.0,,,15.966256756756751,RRc,0.486795921926015,0.6798789081916291,0.18832509312010606
V008,,,,,,,,,,,,,,,,,,,,,135.0,0.972512296200902,0.06332169820375716,0.015193333333333324,12.2026784,0.5293977141006783,040.dat,0.6462387771776766,3.919719371969393e-06,322.4923891,101.0,0.9626389383494108,0.05340404377824233,0.01447787610619469,12.2026772,0.6122223593790794,018.dat,0.6462506035748908,3.089473161752665e-07,322.4923597,0.6462387771776766,3.919719371969393e-06,0.9050000000000016,135.0,0.06332169820375716,0.015193333333333324,0.5293977141006783,M15_3,Ndata,M15_3_040,322.4923891,12.2026784,0.6462,0.64625,,0.6464081,,,,0.4734739844029792,,0.646245,0.646245,0.646247,0.64625,1.0,,,15.836861111111114,RRab,0.6462387771776766,0.3109715505346191,0.9698946440089156
V009,,,,,,,,,,,,,,,,,,,,,148.0,0.8110676193584787,0.04351346409925885,0.016198717948717908,12.2059231,0.5016350818468196,042.dat,0.7152820974283609,5.706788206816661e-07,322.4966559,94.0,0.8128888475959872,0.029872026060047036,0.013561224489795907,12.2059202,0.5682891835717001,029.dat,0.7152903811858025,6.236252021181969e-07,322.4966318,0.7152820974283609,5.706788206816661e-07,0.781000000000001,148.0,0.04351346409925885,0.016198717948717908,0.5016350818468196,M15_3,Ndata,M15_3_042,322.4966559,12.2059231,0.715295,0.715295,,0.7156435,,,,0.5266385542158147,,0.71527,0.71527,0.71528,0.715295,1.0,,,15.797020134228186,RRab,0.7152820974283609,0.1644775805734202,0.8576491558551158
V010,108.0,0.5077049023405262,0.05507231525075755,0.011857142857142887,12.1680116,0.61237664540239,059.dat,0.3863857074073205,2.9687278765446138e-06,322.52834289999987,,,,,,,,,,,148.0,0.5330159687922205,0.07327081036915377,0.014798742138364785,12.1680203,0.5425291316920747,055.dat,0.3863897209904466,2.082322288831159e-06,322.5283632,,,,,,,,,,,0.3863897209904466,2.082322288831159e-06,0.5220000000000007,148.0,0.07327081036915377,0.014798742138364785,0.5425291316920747,M15_3,Ndata,M15_3_055,322.5283632,12.1680203,0.386382,0.386382,0.386383,0.3863821,,,,0.3863897209904466,,0.39785,0.386395,0.386391,0.386382,1.0,,,15.931894039735102,RRc,0.5313150195458699,0.5898880180145945,0.2473247525233262
V011,124.0,0.7192488159927297,0.8939282190240081,0.011035294117646987,12.1617146,0.3888054813517181,077.dat,0.5107435189120839,1.1037398619636432e-05,322.5416071,,,,,,,,,,,141.0,0.7034591673118786,0.7988450145714959,0.014143790849673137,12.161713800000001,0.4779696644025904,085.dat,0.5107382432966056,8.849300228041454e-06,322.5415685,,,,,,,,,,,0.3432655101405605,5.470544527237541e-08,0.694999999999999,141.0,0.7988450145714959,0.014143790849673137,0.4779696644025904,M15_3,Ndata,M15_3_085,322.5415685,12.161713800000001,,0.343267,0.343267,0.3432007,,,,0.3432655101405605,,0.3435585,,0.34321,0.343267,1.0,,,15.891442176870749,RRc,0.4592717084179736,0.7327398791268678,0.1843424598338608
V012,120.0,0.8320998804939794,0.2238486930849123,0.01601764705882356,12.15353,0.9217168832690864,081.dat,0.592875643630205,5.15095364155985e-07,322.5387213,,,,,,,,,,,84.0,0.15687744579503615,0.05164928937528434,0.08179611650485434,12.155422900000001,6.7258835708534725,090.dat,1.1280946627022364,8.888338126055682e-06,322.53952589999994,,,,,,,,,,,0.592875643630205,5.15095364155985e-07,0.8529999999999984,120.0,0.2238486930849123,0.01601764705882356,0.9217168832690864,M15_1,Ndata,M15_1_081,322.5387213,12.15353,,0.5928479999999999,0.5928479999999999,0.5928004,,,,0.43068950297737096,,0.592916,,,0.5928479999999999,1.0,,,15.931291666666665,RRab,0.592875643630205,0.281865000257449,0.919368794413753
V013,120.0,1.0203941371294896,0.08668915587407243,0.01312352941176462,12.148511,0.4389419622022028,073.dat,0.5749109365196027,1.4311529481319457e-07,322.5287746,,,,,,,,,,,,,,,,,,,,,,,,,,,,,,,0.5749109365196027,1.4311529481319457e-07,0.9469999999999978,120.0,0.08668915587407243,0.01312352941176462,0.4389419622022028,M15_1,Ndata,M15_1_073,322.5287746,12.148511,0.57491,0.57491,0.57491,0.5748671,,,,0.43501952502608415,,0.57497,,0.574923,0.57491,1.0,,,15.97742335766423,RRab,0.5749109365196027,0.16420881879343696,0.9999729838291884
V014,,,,,,,,,,,,,,,,,,,,,,,,,,,,,,,,,,,,,,,,,,6.050715965424055e-08,0.4750000000000002,116.0,0.025254795154965645,0.007448275862069011,,M15_1,manual,M15_1_214,322.517114,12.09639,,0.38201,,0.3819919000000001,,,,,,0.382,,0.381997,0.38201,1.0,0.02207737233495502,,15.931218934911245,,,,
V015,,,,,,,,,,,,,,,,,,,,,,,,,,,,,,,,,,,,,,,,,0.5843944816645594,1.6349630720701948e-07,0.7909999999999989,71.0,0.4674565669232675,0.008014084507042366,,M15_1,manual,M15_1_315,322.516421,12.083095,,0.583453,,0.5835864000000001,,,,0.4312490924930696,,0.5842430000000001,,0.583488,0.583453,1.0,,,15.860735632183907,RRab,0.5843944816645594,0.3657208981371376,0.8742348247696619
V016,,,,,,,,,,,,,,,,,,,,,137.0,0.5144372040997904,0.616192864180629,0.034786163522012574,12.2034996,0.2019698602218,078.dat,0.39918808340610334,1.4126590958046027e-07,322.5210375,,,,,,,,,,,0.3991955545365639,3.301444354280875e-07,0.8140000000000005,137.0,0.616192864180629,0.034786163522012574,0.2019698602218,M15_3,Ndata,M15_3_078,322.5210375,12.2034996,0.3992,,,0.3992092,,,,0.3991955545365639,,0.6946399999999999,,,0.399234,1.0,,,15.836890322580647,RRc,0.5475187752456889,0.7904893691933772,0.6661130304226965
V017,,,,,,,,,,,,,,,,,,,,,151.0,0.5378221040395594,0.5694665850449666,0.013012578616352223,12.1980558,0.4978448937188982,070.dat,0.42891229612934384,1.549939914305865e-07,322.5162619,,,,,,,,,,,0.42891229612934384,1.549939914305865e-07,0.6100000000000017,151.0,0.5694665850449666,0.013012578616352223,0.4978448937188982,M15_3,Ndata,M15_3_070,322.5162619,12.1980558,0.4294,0.428907,,0.4288904000000001,,,,0.42891229612934384,,0.666979,,0.428912,0.428907,1.0,,,15.923137254901965,RRd,0.575637297739188,0.5481672268856279,0.4084365825857397
V018,,,,,,,,,,,,,,,,,,,,,152.0,0.5834051191607195,0.4409890179818752,0.014905660377358469,12.195441699999998,0.427173048699441,060.dat,0.5373296734699881,1.4970849448624675e-07,322.5144776,,,,,,,,,,,0.3677259694881623,1.00184309431119e-07,0.6700000000000004,152.0,0.4409890179818752,0.014905660377358469,0.427173048699441,M15_3,Ndata,M15_3_060,322.5144776,12.195441699999998,0.367737,0.367737,,0.3677503,15.4,,,0.3677259694881623,,0.37816,,0.367747,0.367737,1.0,,,15.87417532467533,RRc,0.5056515203507204,0.716705070948489,0.21438752531278915
V019,,,,,,,,,,,,,,,,,,,,,149.0,1.3520773709558274,0.3145124502614361,0.013440251572327023,12.2121257,0.5536805761178841,066.dat,0.5723064318256479,1.8642289648094388e-06,322.52402589999997,,,,,,,,,,,0.5723064318256479,1.8642289648094388e-06,1.1860000000000004,149.0,0.3145124502614361,0.013440251572327023,0.5536805761178841,M15_3,Ndata,M15_3_066,322.52402589999997,12.2121257,0.5723,0.57228,,0.572348,,,,0.4203859984967157,,0.572293,,0.572311,0.57228,1.0,,,15.851629139072845,RRab,0.5723064318256479,0.3094718504279399,1.2468628644867152
V020,137.0,0.9038123475345934,0.08101083310206518,0.012888235294117579,12.164763800000001,0.556123590577949,075.dat,0.6969535343569182,2.872877633604073e-06,322.5155856,,,,,,,,,,,137.0,0.8866476337601501,0.06819858632776665,0.014568627450980387,12.1647775,0.3939947719285002,086.dat,0.696958719592365,4.261690536548345e-07,322.5156361,,,,,,,,,,,0.696958719592365,4.261690536548345e-07,0.8820000000000001,137.0,0.06819858632776665,0.014568627450980387,0.3939947719285002,M15_3,period_err,M15_3_086,322.5156361,12.1647775,0.697021,0.697021,0.697021,0.696876,,,,0.517585544909973,,0.70057,,0.6969390000000001,0.697021,1.0,,,15.947496551724136,RRab,0.696958719592365,0.1828818741583013,0.9323125681860224
V021,129.0,0.9680449033777556,0.1746743888257401,0.020614906832298087,12.1513466,0.8834512399836199,070.dat,0.6487952612829917,3.601192936895252e-06,322.5023267,,,,,,,,,,,,,,,,,,,,,,,,,,,,,,,0.6487952612829917,3.601192936895252e-06,1.0190000000000006,129.0,0.1746743888257401,0.020614906832298087,0.8834512399836199,M15_1,Ndata,M15_1_070,322.5023267,12.1513466,0.6476,,0.6488,0.6489394,,,,0.48016768793386494,,0.62469,,,0.6488,1.0,,,15.815112676056339,RRab,0.6487952612829917,0.3504569979936676,1.0599328448804748
V022,,,,,,,,,,,104.0,0.7910333500740129,0.1688609143115563,0.01133557046979868,12.153890400000002,0.5996327480991285,054.dat,0.7202300764269253,1.559041278946311e-06,322.3987555,,,,,,,,,,,,,,,,,,,,,0.7202300764269253,1.559041278946311e-06,0.7959999999999998,104.0,0.1688609143115563,0.01133557046979868,0.5996327480991285,M15_2,Ndata,M15_2_054,322.3987555,12.153890400000002,,0.72013,,0.7202495,,,,0.5329095501501552,,0.7217279999999999,,0.7201350000000001,0.72013,1.0,,,15.75556349206349,RRab,0.7202300764269253,0.2632319263021543,0.8493894871049275
V023,,,,,,,,,,,,,,,,,,,,,147.0,0.7516168128838157,0.7081086549987309,0.01299371069182392,12.2388213,0.4875872515611977,074.dat,0.6327725719418994,6.621897438374695e-06,322.54662989999997,,,,,,,,,,,0.6326984957603468,1.6326592624835633e-07,0.6199999999999997,147.0,0.7081086549987309,0.01299371069182392,0.4875872515611977,M15_3,Ndata,M15_3_074,322.54662989999997,12.2388213,,0.63268,,0.6326446,15.4,,,0.4663558421390616,,0.63269,,0.6327010000000001,0.63268,1.0,,,15.885317567567569,RRab,0.6326984957603468,0.1626205348535983,0.6298811106750755
V024,,,,,,,,,,,149.0,0.5755844036477136,0.04001148474611998,0.016099378881987647,12.1654345,0.5063679025491824,033.dat,0.36969174228157575,1.118490712023843e-07,322.4623923,,,,,,,,,,,109.0,0.570821777161516,0.4309284085888889,0.014698275862068882,12.165434900000001,0.7069513054186388,038.dat,0.5398868145676692,3.065774211648328e-06,322.462323,0.36969174228157575,1.118490712023843e-07,0.6280000000000006,149.0,0.04001148474611998,0.016099378881987647,0.5063679025491824,M15_2,Ndata,M15_2_033,322.4623923,12.1654345,0.3697,0.369693,0.369693,0.3697256,,,,0.36969174228157575,,0.369697,,0.369704,0.369693,1.0,,,15.874450331125828,RRc,0.4930857781553034,0.6980990443157626,0.1278088287585426
V025,94.0,0.8040979402430803,0.04201973116222877,0.010835820895522414,12.164959399999999,0.4528195210302544,053.dat,0.6653265288100145,5.120483776076224e-06,322.578642,,,,,,,,,,,134.0,0.832485466921165,0.05886103782692384,0.0146338028169014,12.1649549,0.4514614250489005,045.dat,0.6653180409015409,6.19882659338977e-06,322.5786456,,,,,,,,,,,0.6653180409015409,6.19882659338977e-06,0.9289999999999988,134.0,0.05886103782692384,0.0146338028169014,0.4514614250489005,M15_3,Ndata,M15_3_045,322.5786456,12.1649549,,0.66532,,0.6653631,,,,0.4997603920235604,,0.665329,,0.665329,0.66532,1.0,,,15.852345588235293,RRab,0.6653180409015409,0.30451579887470537,0.9039165852520732
V026,,,,,,,,,,,,,,,,,,,,,73.0,0.4637902439130599,0.12257691240732342,0.02036585365853664,12.2595431,0.4573242660367358,065.dat,0.6729317497124803,1.6404589622900895e-06,322.4986401999999,61.0,0.4491885755250689,0.10754144473821574,0.015906249999999997,12.259547900000001,0.3674187880634062,063.dat,0.6729391274456786,1.5422103659779068e-06,322.498668,0.4023171015082063,4.368357642977265e-08,0.4379999999999993,73.0,0.12257691240732342,0.02036585365853664,0.4573242660367358,M15_3,Ndata,M15_3_065,322.4986401999999,12.2595431,,,,0.4023091,,,,0.4023171015082063,,0.402326,,0.40228,0.40228,1.0,,,15.943733333333332,RRc,0.5471682794002376,0.4398633619369132,0.11778200214645727
V027,,,,,,,,,,,,,,,,,,,,,145.0,0.030502520166411525,0.013704224361198293,0.01883018867924537,12.2368069,0.5337075028299856,091.dat,1.4180028353658758,1.0228207751071995e-06,322.55543969999997,,,,,,,,,,,,,0.11900000000000205,145.0,0.013704224361198293,0.01883018867924537,0.5337075028299856,M15_3,Ndata,M15_3_091,322.55543969999997,12.2368069,,,,,,,,,,,,,,1.0,,,16.532302631578947,,,,
V028,,,,,,,,,,,,,,,,,,,,,,,,,,,,,,,,,,,,,,,,,,,,,,,,,,,,,,,,,,,,,,0.67064,,0.6706409999999999,0.6706409999999999,1.0,,,,,,,
V029,,,,,,,,,,,,,,,,,,,,,150.0,1.0189306306339407,1.1463252758754217,0.014578616352201272,12.226336199999999,0.5080720816026281,088.dat,0.5750158652857051,1.4901225773335901e-05,322.53846469999996,,,,,,,,,,,0.5750158652857051,1.4901225773335901e-05,1.124000000000001,150.0,1.1463252758754217,0.014578616352201272,0.5080720816026281,M15_3,Ndata,M15_3_088,322.53846469999996,12.226336199999999,,0.57493,,0.574756,,,,0.42160135777518615,,0.574062,,0.574993,0.57493,1.0,,,16.00100657894737,RRab,0.5750158652857051,0.5869781471379412,1.242065595130585
V030,,,,,,,,,,,121.0,0.4854222810841815,0.32579640965267703,0.01676397515527954,12.166088499999999,0.4294888449033928,049.dat,0.6847795772889507,7.549823714031862e-07,322.4458385,,,,,,,,,,,110.0,0.4200817241098527,0.24989468198323234,0.01784482758620689,12.166094699999999,0.6117901515176692,060.dat,0.4058586555398177,1.0294217112250882e-07,322.4457853,0.4059981834034759,7.954704842824539e-08,0.5169999999999999,121.0,0.32579640965267703,0.01676397515527954,0.4294888449033928,M15_2,Ndata,M15_2_049,322.4458385,12.166088499999999,,0.405997,0.544623,0.4060355,,,,0.4059981834034759,0.5446918485553914,0.405976,,0.405987,0.405997,1.0,,,15.795992857142858,RRd,0.5446702287734528,0.4478337166212949,0.2974200148195738
V031,,,,,,,,,,,,,,,,,,,,,,,,,,,,,,,117.0,0.4586238427499562,0.5676119107837193,0.01281967213114752,12.235225999999999,0.5279592642285118,054.dat,0.4081257263840067,2.684502406818713e-06,322.4602346000001,0.4081831082110571,5.972549925190986e-08,0.5689999999999995,117.0,0.5676119107837193,0.01281967213114752,0.5279592642285118,M15_4,Ndata,M15_4_054,322.4602346000001,12.235225999999999,,0.408154,,0.4081596,,,,0.4081831082110571,0.5472246169029953,0.4356930000000001,,0.408173,0.408154,1.0,,,15.883974789915964,RRd,0.5472214947907138,0.5710246708194102,0.3857316931042689
V032,,,,,,,,,,,,,,,,,,,,,50.0,0.3045227331053475,0.02424733353586828,0.047603448275862034,12.1983357,6.340412780486144,039.dat,0.3249448510908901,6.033870983480572e-08,322.4796461,103.0,0.4862010432221755,0.7292281568966458,0.01749180327868851,12.197166699999999,0.6137019040425292,025.dat,0.6052966764780565,4.814028133336721e-07,322.4780851000001,0.6053034199961047,1.3021853023693187e-07,0.7209999999999988,103.0,0.7292281568966458,0.01749180327868851,0.6137019040425292,M15_4,Ndata,M15_4_025,322.4780851000001,12.197166699999999,0.6044,0.60547,,0.6053026,,,,0.4551598778424456,,0.6054,,0.605391,0.60547,1.0,,,15.769796460176993,RRab,0.6053034199961047,0.5561759050753547,0.6498188297828698
V033,103.0,0.8284779639913076,0.7265003211014278,0.03632110091743123,12.1592831,1.1922261987896234,062.dat,0.5839563905755722,1.5039921946586941e-07,322.481065,147.0,0.8342793149816625,0.12247856069227978,0.03247770700636945,12.1592883,0.7151883219755399,048.dat,0.5839401638255738,4.5759395981177046e-07,322.48121989999987,59.0,0.8528137382282264,0.10743994959075454,0.028283582089552194,12.1592933,0.8525861433444559,057.dat,0.583855694748821,1.5757817788893015e-07,322.4811682,78.0,0.787190964731451,0.1889134679407876,0.03821839080459763,12.1592732,0.8798348814953342,056.dat,0.5840387874809322,1.981204512995364e-06,322.4811726000001,0.5839401638255738,3.50377702507391e-08,0.7570000000000001,147.0,0.12247856069227978,0.03247770700636945,0.7151883219755399,M15_2,Ndata,M15_2_048,322.48121989999987,12.1592883,0.5839451999999999,,0.5839449999999999,0.5839413,,15.7,,0.4239260981172613,,,,,0.5839451999999999,1.0,0.03247770700636945,,15.410368852459015,RRab,0.5839401638255738,0.3107700624167027,0.7760818898992241
V034,43.0,0.8558746064251483,0.017522518476850546,0.03693846153846155,12.1521229,0.6571509010475798,038.dat,0.6328771823131758,1.9820109476286322e-07,322.47701,118.0,0.20515626920627028,0.07672168323518684,0.03921341463414632,12.152138699999998,0.3917585380798134,056.dat,0.4199460996557615,1.0512619489729592e-07,322.4770953000001,,,,,,,,,,,,,,,,,,,,,0.4009603545098389,2.9500525550852142e-08,0.15399999999999864,118.0,0.07672168323518684,0.03921341463414632,0.3917585380798134,M15_2,Ndata,M15_2_056,322.4770953000001,12.152138699999998,1.1591,,1.1503,2.037348,,,,0.4009603545098389,,,,,,0.0,0.030575585673218737,,14.59259259259259,??,0.5444417351326823,0.1810808858250681,0.16962838738982633
V035,95.0,0.5022278764346897,0.04478742413596777,0.01091603053435115,12.1218628,0.5387197779955042,049.dat,0.3840145397106872,6.98906880072068e-06,322.48328839999994,116.0,0.4692633340047578,0.535372530100103,0.011496894409937857,12.1219201,0.13717972027787584,028.dat,0.6245465976587709,2.610030948480293e-07,322.4833867,,,,,,,,,,,,,,,,,,,,,0.6245465976587709,2.610030948480293e-07,0.4700000000000011,116.0,0.535372530100103,0.011496894409937857,0.13717972027787584,M15_2,Ndata,M15_2_028,322.4833867,12.1219201,,0.384,,0.3839766,,,,0.4628290832193652,,0.383997,,0.384009,0.384,1.0,,,15.912517482517483,RRab,0.6245465976587709,0.3868972637685193,0.6279385295262578
V036,110.0,0.9922136914254088,1.7318404579222084,0.016127659574468017,12.14467,0.8312044866508547,076.dat,0.6241058925446209,3.5416109110113333e-06,322.48483280000005,126.0,1.0009191521759426,0.8728282464493718,0.01471874999999994,12.1447485,0.2883769849338247,010.dat,0.6241308208181835,2.1697260215503813e-06,322.48496539999996,,,,,,,,,,,,,,,,,,,,,0.6241308208181835,2.1697260215503813e-06,1.1530000000000011,126.0,0.8728282464493718,0.01471874999999994,0.2883769849338247,M15_2,Ndata,M15_2_010,322.48496539999996,12.1447485,0.624151,,0.624151,0.6241769,,,,0.46315280581053997,,0.624142,,0.624151,0.624151,1.0,,,15.852608695652172,RRab,0.6241308208181835,0.5334185421963351,1.1687591284652807
V037,109.0,0.8937071555280891,0.52593691666819,0.026034013605442226,12.1456992,0.8939272809619591,047.dat,0.40952422590913706,7.517036914788956e-08,322.48571019999997,125.0,0.6321684292899885,0.2993748067657969,0.033316770186335415,12.1456639,1.1211299369851508,017.dat,0.41821270829680507,1.0648518998641463e-07,322.4858883,,,,,,,,,,,,,,,,,,,,,,,0.38700000000000095,125.0,0.2993748067657969,0.033316770186335415,1.1211299369851508,M15_2,Ndata,M15_2_017,322.4858883,12.1456639,0.28775,,0.28775,0.2874888,14.8,,,,,,,,,1.0,,,15.157782608695655,,,,
V038,120.0,0.5433339965041242,0.4791896517780169,0.011529411764705821,12.1267587,0.580679871304433,069.dat,0.6017106388897018,7.316703243631542e-07,322.4950088,73.0,0.5782192803288773,0.2640317317105509,0.012111111111111102,12.126809100000001,0.2420143348755316,008.dat,0.6017190862595431,7.484912823601064e-06,322.495098,,,,,,,,,,,,,,,,,,,,,0.3752805969886239,4.1534288424079584e-08,0.5749999999999997,120.0,0.4791896517780169,0.011529411764705821,0.580679871304433,M15_1,Ndata,M15_1_069,322.4950088,12.1267587,0.375265,0.375265,,0.3752608,,,,0.3752805969886239,0.8622818696478358,0.375274,,0.375269,0.375265,1.0,,,15.866328467153284,RRc,0.51216531450283,0.6198886023397865,0.1304616510691723
V039,118.0,0.4072886640621967,0.4694193162786264,0.012317647058823579,12.1327941,0.5286119656689521,056.dat,0.6392917809520628,3.0017994923991844e-07,322.4986353,,,,,,,,,,,,,,,,,,,,,,,,,,,,,,,0.3895516912189665,5.227238225966802e-08,0.4629999999999997,118.0,0.4694193162786264,0.012317647058823579,0.5286119656689521,M15_1,Ndata,M15_1_056,322.4986353,12.1327941,0.389563,0.389563,,0.3895853,,,,0.3895516912189665,0.5222274745150247,0.389984,,0.389569,0.389563,1.0,,,15.9000625,RRd,0.5222265981573586,0.4582952604513366,0.3177818786173052
V040,113.0,0.5903101491307883,0.727351558605623,0.010323529411764648,12.135116199999999,0.521894392456527,055.dat,0.5475037188944294,1.1190547405098854e-05,322.5301072,,,,,,,,,,,,,,,,,,,,,,,,,,,,,,,0.3773314833280329,4.1061441351464335e-08,0.5169999999999999,113.0,0.727351558605623,0.010323529411764648,0.521894392456527,M15_1,Ndata,M15_1_055,322.5301072,12.135116199999999,0.3777,0.37735,0.37735,0.3773258,,,,0.3773314833280329,,0.377369,,0.377333,0.37735,1.0,,,15.918219999999998,RRc,0.5197514292745264,0.5712028536518705,0.09951284070847066
V041,141.0,0.4799797766022831,0.11505870508489607,0.017851190476190496,12.152148,0.3991757669404421,066.dat,0.3917615152504838,2.4666077911576407e-06,322.51070739999994,,,,,,,,,,,,,,,,,,,,,,,,,,,,,,,0.3917615152504838,2.4666077911576407e-06,0.5229999999999984,141.0,0.11505870508489607,0.017851190476190496,0.3991757669404421,M15_1,Ndata,M15_1_066,322.51070739999994,12.152148,0.382177,,0.392177,0.3917472,,,,0.3917615152504838,,,,0.39176700000000003,0.391767,1.0,,,15.883191082802545,RRc,0.5240106954934917,0.5483661234109842,0.21380613679739646
V042,161.0,0.6139501882233471,0.9090169435968299,0.013544378698224807,12.1575165,0.8338710653497731,082.dat,0.5638047630764271,1.5623985014580265e-07,322.5575345000001,,,,,,,,,,,125.0,0.5544669058080682,0.3696462876689055,0.015946969696969782,12.157554,0.4875194349011057,062.dat,0.5628392024423735,3.275069159158185e-06,322.5572254,,,,,,,,,,,0.3601888506653642,5.211461188559434e-08,0.6120000000000005,161.0,0.9090169435968299,0.013544378698224807,0.8338710653497731,M15_1,Ndata,M15_1_082,322.5575345000001,12.1575165,,0.360166,0.360166,0.3601973,,,,0.3601888506653642,0.5704034884622218,0.360167,,0.360181,0.360166,1.0,0.013544378698224807,,15.90786206896552,RRc,0.4907896100301098,0.6480050246172802,0.10624241530048373
V043,,,,,,,,,,,,,,,,,,,,,,,,,,,,,,,,,,,,,,,,,,,,,,,,,,,,,,,,0.3959861,,,,,,0.406744,,0.396013,0.396013,1.0,,,,,,,
V044,137.0,0.6925822201948257,0.8571088047262401,0.015452054794520538,12.1684501,0.5655062537564076,074.dat,0.595670338610698,3.024503296067543e-07,322.5185059,,,,,,,,,,,145.0,0.6781180255575006,0.6786446028513916,0.01557861635220126,12.1684695,0.4903403936665021,082.dat,0.5956696485994858,4.772550046278311e-06,322.518517,,,,,,,,,,,0.5956696485994858,4.772550046278311e-06,0.9410000000000012,145.0,0.6786446028513916,0.01557861635220126,0.4903403936665021,M15_3,Ndata,M15_3_082,322.518517,12.1684695,0.5945,0.59558,0.59558,0.5959346,,,,0.4325351404508108,,0.595568,,0.595568,0.59558,1.0,,,15.774893333333335,RRab,0.5956696485994858,0.5408086149352052,0.9332002040939322
V045,134.0,0.9657851259473508,0.44846242974971995,0.01887647058823533,12.158783300000001,0.165546159611679,068.dat,0.6774041499815369,1.8587794867725311e-06,322.5116255,,,,,,,,,,,122.0,0.921863591438168,0.3121973880163954,0.024287878787878824,12.158754,0.2414085408468799,067.dat,0.6774590052313274,2.0679680717068101e-07,322.5116228,,,,,,,,,,,0.6774041499815369,1.8587794867725311e-06,1.1830000000000005,134.0,0.44846242974971995,0.01887647058823533,0.165546159611679,M15_1,Ndata,M15_1_068,322.5116255,12.158783300000001,0.677399,,0.677399,0.6775171,,,,0.5056900765131636,,0.6621,,,0.6773992,1.0,,,15.68928662420382,RRab,0.6774041499815369,0.4875284075832571,1.2281416480547254
V046,48.0,1.310209307539152,0.1954239313867988,0.028217391304347725,12.1763735,0.6955544193206843,060.dat,0.7275621083865677,2.3930330383234677e-07,322.5089756,,,,,,,,,,,147.0,1.0117656369128891,0.547306180700358,0.028729559748427693,12.1764166,0.5548651214654663,043.dat,0.6914438100769752,3.6356288285515166e-06,322.5089923999999,,,,,,,,,,,0.6914438100769752,3.6356288285515166e-06,1.0839999999999983,147.0,0.547306180700358,0.028729559748427693,0.5548651214654663,M15_3,Ndata,M15_3_043,322.5089923999999,12.1764166,0.691466,,0.6915,,,,,0.5018317813336887,,0.6927300000000001,,,0.691484,1.0,,,15.839439999999998,RRab,0.6914438100769752,0.838646045259912,1.1875379346413784
V047,145.0,0.7893619174214201,0.2463254637599643,0.0240617283950617,12.1663775,0.7808902586335532,043.dat,0.6875475088784069,1.3720924794350464e-06,322.5052066,,,,,,,,,,,136.0,0.8251903286250409,0.1999314978808193,0.021354838709677457,12.166393800000002,0.7430006643267799,038.dat,0.6875285570339397,1.7259708618297994e-07,322.5052022,,,,,,,,,,,0.6875475088784069,1.3720924794350464e-06,1.1209999999999989,145.0,0.2463254637599643,0.0240617283950617,0.7808902586335532,M15_1,Ndata,M15_1_043,322.5052066,12.1663775,0.6875,,,0.6874813,,,,0.5132251530863932,,0.6629,,,0.602799,1.0,,,15.68799342105263,RRab,0.6875475088784069,0.4324234699429432,1.059513001216521
V048,,,,,,,,,,,,,,,,,,,,,123.0,0.7250163362784328,0.6377231497790153,0.030515723270440293,12.2091976,0.38882977789799095,048.dat,0.26717292966776923,5.968010809554166e-08,322.5093367,,,,,,,,,,,0.3649720722503321,7.199108857330524e-08,0.8119999999999998,123.0,0.6377231497790153,0.030515723270440293,0.38882977789799095,M15_3,Ndata,M15_3_048,322.5093367,12.2091976,0.3646,,,0.3649691,,,,0.3649720722503321,0.5222274745150247,0.37888099999999997,,0.364971,0.364971,1.0,,,15.81104794520548,RRc,0.4984690773789524,0.8696912479260082,0.7101008429459341
V049,,,,,,,,,,,,,,,,,,,,,130.0,0.6720747522707261,0.12592744463027508,0.02200628930817607,12.213643300000001,0.39618261910255415,035.dat,0.6551868069443167,4.33274459314594e-06,322.5037753000001,,,,,,,,,,,0.6551868069443167,4.33274459314594e-06,0.640000000000001,130.0,0.12592744463027508,0.02200628930817607,0.39618261910255415,M15_3,Ndata,M15_3_035,322.5037753000001,12.213643300000001,0.65518,0.65518,,0.6552283,,,,0.4768462512946256,,0.417972,,0.655201,0.65518,1.0,,,15.241684931506851,RRab,0.6551868069443167,0.2695743658216667,0.6103751682350822
V050,,,,,,,,,,,,,,,,,,,,,143.0,0.6243078855525237,0.5854879375525973,0.01707547169811322,12.1953668,0.6514115449939316,077.dat,0.22947654182572225,1.2133219154326324e-07,322.5391247,,,,,,,,,,,0.2980606265019464,4.563282157288467e-08,0.6599999999999988,143.0,0.5854879375525973,0.01707547169811322,0.6514115449939316,M15_3,Ndata,M15_3_077,322.5391247,12.1953668,0.29806,0.29806,,0.2980822,15.6,,,0.2980606265019464,,0.2985,,0.298058,0.29806,1.0,,,15.912513513513515,RRc,0.4126569407618175,0.7019370154052673,0.5969736802299312
V051,,,,,,,,,,,,,,,,,,,,,144.0,0.5299883743196876,0.4863283314615807,0.01660897435897431,12.1928058,0.4281008704495767,089.dat,0.5678970556765572,7.87979934031584e-07,322.4942151,99.0,0.5220176059545452,0.3167626569765009,0.017093457943925198,12.1927874,0.4676497899248465,028.dat,0.5679044060944706,3.288055531905021e-07,322.4942008,0.3969623193956802,1.2981590524816866e-07,0.5039999999999982,144.0,0.4863283314615807,0.01660897435897431,0.4281008704495767,M15_3,Ndata,M15_3_089,322.4942151,12.1928058,0.396935,0.396935,,,,,,0.3969623193956802,,0.397757,,0.396971,0.396935,1.0,,,15.928121621621619,RRc,0.5346779215665535,0.5225474636594711,0.2529329562377818
V052,130.0,1.0667098389013514,0.16794871782982496,0.011664705882352924,12.1616056,0.5772287791153432,048.dat,0.5756413272481604,2.8685517391653814e-06,322.5473041,,,,,,,,,,,146.0,1.0904154300241051,0.17823436501100487,0.01674509803921578,12.161606800000001,0.540138316673949,036.dat,0.5756541237051451,3.579252475772655e-06,322.5473186000001,,,,,,,,,,,0.5756541237051451,3.579252475772655e-06,0.9989999999999992,146.0,0.17823436501100487,0.01674509803921578,0.540138316673949,M15_3,Ndata,M15_3_036,322.5473186000001,12.161606800000001,,0.5756399999999999,0.5756399999999999,0.5756439999999999,,,,0.42172431390024506,,0.575608,,0.575641,0.5756399999999999,1.0,,,15.968292517006802,RRab,0.5756541237051451,0.2967146759584516,1.1147261011159149
V053,,,,,,,,,,,153.0,0.4357266657604324,0.3977977018946595,0.015006097560975625,12.1365364,0.3422461535868233,059.dat,0.7067205865851822,3.908030563265807e-07,322.46670710000006,,,,,,,,,,,,,,,,,,,,,0.4141095983846978,9.268766542117136e-08,0.5249999999999989,153.0,0.3977977018946595,0.015006097560975625,0.3422461535868233,M15_2,Ndata,M15_2_059,322.46670710000006,12.1365364,0.416,0.414108,0.55377,0.4141384,,,,0.4141095983846978,0.5553583753371057,0.41413500000000003,,0.414149,0.414108,1.0,,,15.793165605095544,RRd,0.5553595699157196,0.4969155698276566,0.35526586949732675
V054,,,,,,,,,,,,,,,,,,,,,150.0,0.4765704213746425,0.0720946889463446,0.018391025641025675,12.191885699999998,0.3765235868135062,069.dat,0.3995723670801468,6.141522986440021e-08,322.4956198000001,99.0,0.478478008445876,0.09398304716651547,0.016049504950495036,12.191873199999998,0.4694240992002998,004.dat,0.3995780176184033,1.441425723839382e-07,322.4955966,0.3995723670801468,6.141522986440021e-08,0.5820000000000012,150.0,0.0720946889463446,0.018391025641025675,0.3765235868135062,M15_3,Ndata,M15_3_069,322.4956198000001,12.191885699999998,0.399568,0.399542,,0.3995029000000001,,,,0.3995723670801468,,0.398325,,0.399568,0.399542,1.0,,,15.953223684210528,RRd,0.5344557425407415,0.5999220420605731,0.20423597257021875
V055,134.0,0.5481237501644678,0.1950479605756905,0.01874117647058823,12.162238199999999,0.4504244361485346,052.dat,1.4970995748938891,1.1176022970271305e-06,322.5113752,,,,,,,,,,,132.0,0.5943612111474508,0.3563347553628672,0.02388666666666664,12.162245500000001,0.4912546789460223,047.dat,0.7486572744694671,5.412988175453142e-06,322.5113515,,,,,,,,,,,0.7486717883144614,3.9305689536526254e-07,0.8319999999999994,134.0,0.1950479605756905,0.01874117647058823,0.4504244361485346,M15_1,chi2/N,M15_1_052,322.5113752,12.162238199999999,0.7486,,0.748596,0.7485715999999999,,,,0.5443005794849193,,0.719615,,0.748596,0.748596,1.0,,,15.868210884353742,RRab,0.7486717883144614,0.5344560188699319,0.8849659720116385
V056,118.0,1.0584774549550369,0.3811671245083931,0.03763398692810453,12.1676212,0.4270956392384097,064.dat,0.5702605925386283,1.6708790573065374e-07,322.5088947,,,,,,,,,,,120.0,0.9280436235818534,0.3559863457271593,0.03615483870967754,12.1676113,0.4368493363038595,068.dat,0.5701702919902228,1.2462395768350106e-05,322.508908,,,,,,,,,,,0.5702605925386283,1.6708790573065374e-07,0.969,118.0,0.3811671245083931,0.03763398692810453,0.4270956392384097,M15_1,period_err,M15_1_064,322.5088947,12.1676212,0.5703,,0.5704,0.5703183000000001,,,,0.4212670161790927,,0.570307,,,0.570353,1.0,,,15.747111888111892,RRab,0.5702605925386283,0.6137134827628703,0.95551347055628
V057,131.0,0.6723167029121626,0.4833314298008959,0.020488235294117682,12.1521937,0.7062025860712839,050.dat,0.5375285123014214,1.4839701925548472e-07,322.5140687,,,,,,,,,,,,,,,,,,,,,,,,,,,,,,,0.3492771481229362,5.643657737396876e-08,0.7130000000000014,131.0,0.4833314298008959,0.020488235294117682,0.7062025860712839,M15_1,Ndata,M15_1_050,322.5140687,12.1521937,0.3496,,0.537481,0.3492579,,16.2,,0.3492771481229362,,0.348935,,,0.34961440000000005,1.0,,,15.74217880794702,RRc,0.4637517407970873,0.7129640911437907,0.3302772105728593
V058,45.0,0.3145579438618213,0.02835817022758976,0.015114754098360682,12.1711222,4.967869213043132,036.dat,0.8275820303100238,1.0937407989361878e-06,322.4771912,127.0,0.651588880708676,0.8560428013569044,0.026686131386861312,12.1696932,0.34217713982282044,032.dat,0.6884726522979139,1.2545851225295765e-06,322.4769637,,,,,,,,,,,110.0,0.7572281204721669,0.7510911407330825,0.02400819672131139,12.169681,0.6340382236101502,042.dat,0.6884960413898811,2.574539090210553e-07,322.4768759,0.4072854491631129,9.097133757283515e-08,0.7939999999999992,127.0,0.8560428013569044,0.026686131386861312,0.34217713982282044,M15_2,Ndata,M15_2_032,322.4769637,12.1696932,0.4068,,0.545909,0.4071922,,,,0.4072854491631129,0.545796247222935,0.42046300000000003,,0.407248,0.407248,1.0,,,16.064348484848484,RRd,0.5458009518390267,0.7354208301968796,0.6940634429281225
V059,53.0,0.27789366695596485,0.015897802852111214,0.011136363636363628,12.1769294,8.418324666810392,024.dat,0.5582397278637508,8.286747092158823e-07,322.50395519999995,,,,,,,,,,,,,,,12.179179099999999,,080.dat,,,322.5042621,,,,,,,,,,,0.4318899125221463,1.1244121305502482e-07,0.04300000000000154,53.0,0.015897802852111214,0.011136363636363628,8.418324666810392,M15_1,Ndata,M15_1_024,322.50395519999995,12.1769294,0.5546,,0.554792,,,13.96,,0.4318899125221463,,0.56526,,,0.5547922,0.0,,,13.904603773584904,??,0.5811816862193079,0.09051629145592877,0.10752290187220304
V060,110.0,1.5792031563285498,1.9418526322073761,0.0386339869281046,12.151015899999999,0.7502129579620176,065.dat,0.8550650047132191,2.0395519367042466e-05,322.50798829999997,,,,,,,,,,,,,,,,,,,,,,,,,,,,,,,0.7186895534466506,3.553615829022333e-07,0.6429999999999993,110.0,1.9418526322073761,0.0386339869281046,0.7502129579620176,M15_1,Ndata,M15_1_065,322.50798829999997,12.151015899999999,0.7146,,0.73124,,15.1,,,0.5282173185258339,,0.691852,,,,1.0,,,15.634533333333335,RRab,0.7186895534466506,0.5139912831303963,0.6386961905930839
V061,,,,,,,,,,,84.0,1.92519635902716,5.094050837569167,0.047088495575221316,12.1557869,0.4759791676718823,051.dat,0.24552615579901976,3.408326672992024e-08,322.4737214,,,,,,,,,,,47.0,1.6011698801733054,0.08685549751547945,0.03398591549295772,12.158530599999999,9.864158029747593,059.dat,0.7609290318612422,2.5998455114070485e-07,322.4744653,0.3996885322312723,9.899030196677409e-08,0.4760000000000014,84.0,5.094050837569167,0.047088495575221316,0.4759791676718823,M15_2,Ndata,M15_2_051,322.4737214,12.1557869,0.3995,,0.527788,0.399626,15.5,16.05,,0.3996885322312723,,0.6103,,,0.4001,1.0,0.06008518635929521,,15.765230769230769,RRc,0.5485907336642726,0.5567444133503141,0.26191757672349425
V062,,,,,,,,,,,49.0,1.3352311544029758,0.3193188585038961,0.031738461538461424,12.177940699999999,0.6654436018836251,021.dat,0.30391278517159936,5.362426111441284e-08,322.4723935,,,,,,,,,,,89.0,2.4876273916642866,0.7033873574971442,0.03536666666666656,12.1780074,0.4459770959434061,047.dat,0.6059198069536024,5.658837280909826e-07,322.47242489999996,0.3773187891501306,1.1951893122744295e-07,0.4630000000000015,89.0,0.7033873574971442,0.03536666666666656,0.4459770959434061,M15_4,Ndata,M15_4_047,322.47242489999996,12.1780074,0.3773,,0.5084324,0.3772887,15.5,16.1,,0.3773187891501306,,0.38818,,,0.377318,0.0,0.044579414477294035,,15.743527027027024,??,0.5005535590417702,0.5547205195960014,0.5025437672551885
V063,49.0,2.597340063432103,0.031659627930585216,0.027266666666666668,12.1768597,2.4953403943765617,078.dat,0.4222344831006051,8.963136966550516e-08,322.506638,,,,,,,,,,,93.0,1.3207951061080705,2.5992959854796607,0.04268750000000002,12.17597,0.9627683449655544,072.dat,0.3107816184252691,5.3194747625812935e-06,322.5064396,,,,,,,,,,,0.6468914265984483,1.3766704101654825e-07,0.8019999999999983,93.0,2.5992959854796607,0.04268750000000002,0.9627683449655544,M15_3,Ndata,M15_3_072,322.5064396,12.17597,0.6469,,0.6583319999999999,,15.2,,,0.4763584935148506,,0.6737,,,,1.0,,,15.727415384615385,RRab,0.6468914265984483,0.33052346199263205,0.6309691117054612
V064,50.0,0.822449060880297,0.15063618451989189,0.02117910447761193,12.172800099999998,0.7399428781572842,067.dat,0.4230049300309598,7.826500939785057e-08,322.4795425,97.0,0.539809000718467,0.08827969468569155,0.020529411764705848,12.172835899999999,0.6507368414936262,004.dat,0.3642445405843408,9.141744263682376e-06,322.4795651,54.0,0.6412021492906028,0.07512888770811978,0.019825396825396847,12.1728072,0.8179779627715933,079.dat,0.36424924598855546,9.28725185142445e-08,322.4795191,106.0,0.6004753719013111,0.16701549016808895,0.022034482758620667,12.1728075,1.0047850174937836,022.dat,0.3642494036212189,1.1698352281779807e-07,322.4794657,0.3642494036212189,1.1698352281779807e-07,0.7539999999999982,106.0,0.16701549016808895,0.022034482758620667,1.0047850174937836,M15_4,Ndata,M15_4_022,322.4794657,12.1728075,0.3642,,0.3642,0.3642009,,,,0.3642494036212189,,0.351695,,,0.364191,1.0,,,15.9399375,RRc,0.485337801860464,0.6352716231179247,0.376821648326926
V065,,,,,,,,,,,124.0,0.5761880615274055,0.09288635859034412,0.017646341463414608,12.1565677,0.3588336591963747,061.dat,0.7181994895222075,4.529037901492469e-06,322.4637203000001,,,,,,,,,,,58.0,0.18605830317243388,0.031982815502802533,0.03583582089552228,12.157638699999998,6.195902417302432,012.dat,0.9915578352197424,8.025541819275249e-07,322.4652247,0.7181994895222075,4.529037901492469e-06,0.629,124.0,0.09288635859034412,0.017646341463414608,0.3588336591963747,M15_2,Ndata,M15_2_061,322.4637203000001,12.1565677,0.7182,0.7181960000000001,0.7181960000000001,0.7181118000000001,,,,0.5374780135887267,,0.75648,,0.718169,0.7181960000000001,1.0,,,15.798835616438355,RRab,0.7181994895222075,0.19542719064936875,0.6523545351702822
V066,,,,,,,,,,,139.0,0.4257691160483468,0.3307815375910582,0.015585365853658509,12.136187699999999,0.20743853496540776,014.dat,0.6122251665868715,3.524458820379419e-06,322.4734528,,,,,,,,,,,,,,,,,,,,,0.3793430540529156,3.7477302198751386e-08,0.4430000000000001,139.0,0.3307815375910582,0.015585365853658509,0.20743853496540776,M15_2,Ndata,M15_2_014,322.4734528,12.136187699999999,0.37935,0.37935,0.37935,0.3793565,,,,0.3793430540529156,0.545796247222935,0.37933,,0.37934,0.37935,1.0,,,15.931287581699348,RRc,0.5080039712563506,0.4783456011568923,0.14604289211207444
V067,,,,,,,,,,,143.0,0.4823915092898314,0.9683404631959248,0.01495000000000001,12.164436199999999,0.4416240228569901,018.dat,0.4535787316779351,9.227594498446351e-08,322.4681665,,,,,,,,,,,105.0,0.4556571990457368,0.8014327473206915,0.017293103448275903,12.1644234,0.6751820779391036,024.dat,0.4046052427099732,1.1331823270687315e-07,322.4680906000001,0.4046100738933105,1.1795784452437447e-07,0.7050000000000005,143.0,0.9683404631959248,0.01495000000000001,0.4416240228569901,M15_2,Ndata,M15_2_018,322.4681665,12.164436199999999,0.4064,0.404627,,0.3674503,,,,0.4046100738933105,,,,0.404613,0.404627,1.0,,,15.971033333333338,RRd,0.5424226360335417,0.6242230794556356,0.4934015405459586
V068,60.0,0.4638988631133145,0.20754897503615125,0.030763440860215038,12.1689885,8.07335920358981,051.dat,0.2921398732411447,6.710536611364811e-08,322.4824456,82.0,0.4002459110456389,0.32605818765337763,0.048322834645669284,12.170302699999999,3.1894929182391807,026.dat,0.2315980765991572,3.753869894205843e-08,322.4830242,77.0,0.5575061489391793,0.3635034171733534,0.04492079207920783,12.170257300000001,3.286437274395664,044.dat,0.9062407340120346,7.310355224792435e-06,322.4830255,,,,,12.170273199999999,,031.dat,,,322.4829893000001,0.3874386072635197,4.076036626825372e-08,0.2649999999999993,82.0,0.32605818765337763,0.048322834645669284,3.1894929182391807,M15_2,Ndata,M15_2_026,322.4830242,12.170302699999999,0.3771,,,,15.65,,,0.3874386072635197,0.5185214707855137,,,,,0.0,0.05972042416319855,,15.795304347826086,??,0.5185214714126023,0.3847730896058259,0.3175087271309476
V069,81.0,0.4767226649989773,0.09346298547339453,0.042760683760683794,12.1609104,2.8226507932150904,042.dat,0.8215415551115213,2.9321578699170426e-07,322.4828905,124.0,0.3896700574732872,0.07409755270660319,0.04585093167701864,12.1606558,1.6031007997737463,060.dat,0.429975696159584,1.1432715372229086e-07,322.48217589999996,64.0,0.2362205482688715,0.08995472405365999,0.04524418604651165,12.1605433,1.2869699551491631,034.dat,0.2761510452633439,5.779048094755075e-08,322.48217180000006,75.0,0.3932680486440674,0.048687872236358835,0.043857142857142886,12.1605612,1.4921076638140025,005.dat,0.5692710102989382,2.202107864621244e-07,322.48210730000005,0.5867729550958953,2.986611007177557e-07,0.34500000000000114,124.0,0.07409755270660319,0.04585093167701864,1.6031007997737463,M15_2,Ndata,M15_2_060,322.48217589999996,12.1606558,0.5868,,,0.5869104,14.59,,,0.429034076920826,0.5185214707855137,,,,,1.0,0.05536731909907967,,14.88776811594203,RRab,0.5867729550958953,0.2597691647941325,0.3752463754525213
V070,,,,,,,,,,,128.0,1.446804880913472,0.9160026533752814,0.04152597402597406,12.1619589,0.4059460172772147,037.dat,0.5720013435943236,1.9911928474078926e-07,322.483117,,,,,12.1619548,,056.dat,,,322.4830833000001,85.0,4.030629541434241,0.6526395011114473,0.05247916666666667,12.1619275,0.7124421813700265,040.dat,0.3675955548951925,5.6604233939677355e-08,322.4830338,0.3675825989001049,7.375526546579527e-08,0.601999999999999,128.0,0.9160026533752814,0.04152597402597406,0.4059460172772147,M15_2,Ndata,M15_2_037,322.483117,12.1619589,0.3676,,,0.3676001,15.63,,,0.3675825989001049,0.3834984863853377,,,,,1.0,0.04152597402597406,,15.897688888888887,RRc,0.5026978836698354,0.7523012900901129,0.5228221867095719
V071,80.0,0.29266241153606565,0.11243858226552103,0.022784482758620658,12.1630473,3.235730518688705,033.dat,1.518734770506203,1.4316632707131975e-06,322.4826355,100.0,0.3138662975040241,0.2419938055081207,0.021368749999999992,12.1630871,3.0016434699005354,043.dat,0.6202225819738533,1.239192889583235e-06,322.4827243000001,63.0,0.3751332763012325,0.09350182084820452,0.02143877551020411,12.163037800000001,3.2225202567415567,025.dat,0.3869878262434006,9.200797569673555e-08,322.48267460000005,71.0,0.4663706156509235,0.1689141105741571,0.019451923076923058,12.163044300000001,3.2516700380616386,048.dat,0.7608561362421954,3.972694393412038e-07,322.4826308000001,0.1057744164086548,8.466281474259544e-09,0.14099999999999874,100.0,0.2419938055081207,0.021368749999999992,3.0016434699005354,M15_2,Ndata,M15_2_043,322.4827243000001,12.1630871,0.3737,,,0.3741176,,14.6,,0.1057744164086548,,,,,,0.0,0.024562798114755764,,14.491616438356164,??,0.1413869373400861,0.2120409554533591,0.2110663047136061
V072,,,,,,,,,,,,,,,12.1769999,,045.dat,,,322.4923358,123.0,0.3439808540270057,0.2997328447803976,0.03668750000000007,12.1769163,0.7877497345015954,050.dat,0.6862833854221372,2.815815601560336e-07,322.4922515,85.0,0.5762592680510696,0.3047739232966996,0.03689795918367353,12.1769012,0.9343749336835632,043.dat,0.4178064319732096,1.268562454889677e-07,322.4922128,0.6862833854221372,2.815815601560336e-07,0.7580000000000013,123.0,0.2997328447803976,0.03668750000000007,0.7877497345015954,M15_3,Ndata,M15_3_050,322.4922515,12.1769163,,,,,,,,0.5043756577525039,,,,,1.1386,1.0,,,15.767909090909088,RRab,0.6862833854221372,0.6553676233625296,0.7736815266714494
V073,80.0,0.32517513569044354,0.041403765179367766,0.02539622641509429,12.1747362,7.353712837605072,021.dat,0.9235196495626546,3.133331585251645e-06,322.49069069999996,,,,,12.1724136,,055.dat,,,322.4907491,98.0,0.3152469205925996,0.07239113272928162,0.06414912280701755,12.172391900000001,4.4525227607054605,031.dat,0.4019627626070027,8.72872443266331e-08,322.49068989999995,60.0,0.682462963700587,0.03864782233554983,0.06133766233766235,12.1724227,4.5686875997066165,062.dat,0.3880872385887946,5.481376448796182e-08,322.4906355,0.4019627626070027,8.72872443266331e-08,0.3940000000000006,98.0,0.07239113272928162,0.06414912280701755,4.4525227607054605,M15_3,Ndata,M15_3_031,322.49068989999995,12.172391900000001,0.3113,,,,,,,0.4019627626070027,,,,,,0.0,,,15.059102803738318,??,0.5385822101429693,0.3660742360369973,0.29105861680805845
V074,156.0,0.6181990293067408,1.1183445861458254,0.017105882352941172,12.1436308,0.6445887670875139,079.dat,0.22825657335469346,7.593387709061074e-07,322.5035204,,,,,,,,,,,,,,,,,,,,,,,,,,,,,,,0.2960102428070753,4.6093397250836385e-08,0.6730000000000005,156.0,1.1183445861458254,0.017105882352941172,0.6445887670875139,M15_1,Ndata,M15_1_079,322.5035204,12.1436308,0.29601,0.29601,,0.2960204,15.5,,,0.2960102428070753,,,,0.296014,0.29601,1.0,,,16.042075949367092,RRc,0.4097407871595853,0.7370352290029558,0.1934112544270352
V075,138.0,0.2442815446860376,0.1124856525172174,0.016187878787878796,12.1577567,4.992989608885238,023.dat,1.4530319256711992,1.6366566584519958e-05,322.4927306,101.0,0.3237311213338181,0.08844431073451778,0.015673913043478288,12.1578104,4.701232068847251,031.dat,1.4178814127808281,8.426395176845967e-06,322.4927946,,,,,12.159338900000002,,052.dat,,,322.49398219999995,55.0,1.154329150766916,0.036007243422379924,0.016289855072463763,12.1577309,5.208604220720877,032.dat,0.7612095847092537,2.5351159733068825e-07,322.4926665,0.5269245519421222,1.680260920651397e-07,0.04899999999999999,138.0,0.1124856525172174,0.016187878787878796,4.992989608885238,M15_1,Ndata,M15_1_023,322.4927306,12.1577567,0.3655,,,,13.98,14.105,,0.3873834302467847,0.5269245519421222,,,,,0.0,0.012653807447519188,,14.052285714285714,??,0.5269245519421222,0.1485858440445238,0.13849232757262264
V076,110.0,0.16156710191460455,0.08351161397558055,0.023779141104294514,12.1610266,6.0813116776536,019.dat,0.4052539356006364,9.90298726015442e-08,322.4926017,93.0,0.11684012575134695,0.04778692650723978,0.022117647058823544,12.1610618,6.146660016932224,020.dat,0.4530080394685514,1.4256698800551505e-07,322.4926576000001,93.0,0.22329207963115216,0.048621766131446566,0.023076335877862626,12.1610314,6.104730452209959,014.dat,0.4052762681129501,1.5004150307317455e-07,322.4925952,59.0,0.24705026689632706,0.035854424304626716,0.02282022471910114,12.1610403,6.18245822667447,016.dat,1.2750843029395291,5.561005251270647e-07,322.4925526,0.3206654639408761,6.96529609766437e-08,0.16900000000000098,110.0,0.08351161397558055,0.023779141104294514,6.0813116776536,M15_1,Ndata,M15_1_019,322.4926017,12.1610266,0.3841,,,,,13.5,,0.3206654639408761,0.4356641016561861,,,,,0.0,,,13.34191911764706,??,0.43716089992637003,0.2408513227372726,0.22242391906601
V077,113.0,0.48913991025373704,0.0753427812549811,0.04533128834355823,12.1620925,3.335703753591665,001.dat,0.2466843299476018,3.984050141246751e-08,322.4897535,95.0,0.33155466806693035,0.0591013861324687,0.04034265734265726,12.1621296,3.4694364243616778,000.dat,0.9306961524839124,3.1595626203926783e-06,322.4898318,92.0,0.17932284149709687,0.1312907079972696,0.040985185185185166,12.1620864,3.3146531556547827,000.dat,0.2852393427454853,7.294374786089794e-08,322.4897477,71.0,0.2457917004554222,0.05149359741742862,0.03844554455445545,12.1620741,3.2781165072524714,000.dat,0.7130975767915999,5.191131460464355e-07,322.4897142,0.7064268740722788,4.5185048843257113e-07,0.14699999999999894,113.0,0.0753427812549811,0.04533128834355823,3.335703753591665,M15_1,Ndata,M15_1_001,322.4897535,12.1620925,0.596,,,,12.45,12.7,,0.5258160303237673,,,,,,0.0,,,12.5434262295082,??,0.7064268740722788,0.1928108580310824,0.2096588272922375
V078,,,,,,,,,,,,,,,,,,,,,129.0,0.9498676691883381,0.062385300513822475,0.024464788732394376,12.1805717,0.702204902402391,087.dat,0.6647515450225158,1.8775523791040625e-07,322.49063789999997,92.0,1.5749999786189637,0.060305382971823376,0.026149532710280463,12.1805565,0.7322038450777415,002.dat,0.6647535721974751,1.6558516967544187e-07,322.4906329,0.6647515450225158,1.8775523791040625e-07,0.8669999999999995,129.0,0.062385300513822475,0.024464788732394376,0.702204902402391,M15_3,Ndata,M15_3_087,322.49063789999997,12.1805717,0.6648,,,0.6646888000000001,,,,0.4977478790914046,,,,,0.398879,1.0,,,15.601830882352944,RRab,0.6647515450225158,0.2383952809382261,0.9490614717193964
V079,122.0,0.5903609580524058,0.14357838489820673,0.0278562874251497,12.161143699999998,1.892115580001048,034.dat,0.3100564054637085,3.6152542568520853e-07,322.4986495,,,,,,,,,,,103.0,1.0070508359152406,0.060435808173795964,0.0315362318840579,12.1611663,1.8179599984247112,027.dat,1.4554174892400669,2.1682109904296533e-06,322.49867889999996,39.0,1.3309489627401216,0.02314969743600677,0.03041509433962268,12.161196499999999,2.9239343407945872,053.dat,0.5089783322419718,2.405047093725073e-07,322.4983605,0.28575639458818025,5.440032314158313e-08,0.17999999999999844,122.0,0.14357838489820673,0.0278562874251497,1.892115580001048,M15_1,Ndata,M15_1_034,322.4986495,12.161143699999998,,,,,14.25,14.6,,0.28575639458818025,,,,,,0.0,0.0278562874251497,,14.386848837209303,??,0.3821301885243317,0.21206004366422704,0.18107256491061108
V080,40.0,0.3395917646748412,0.023948202587621745,0.02356862745098041,12.1598812,0.6263179190338771,045.dat,0.9284965215310341,4.602627336932947e-07,322.4792841000001,,,,,12.1599084,,011.dat,,,322.4793939,20.0,3.871696402686785,0.0116092910655523,0.03796774193548383,12.1598841,0.39618261910255415,041.dat,0.380776176630848,1.1037360421072206e-07,322.47935079999996,39.0,0.12498058748936812,0.012265626346020063,0.026461538461538432,12.1598525,0.5583106257129821,021.dat,1.4279053265043171,8.332885790387565e-06,322.4793139,,,1.469,20.0,0.0116092910655523,0.03796774193548383,0.39618261910255415,M15_3,dist_to_GCVS,M15_3_041,322.47935079999996,12.1598841,0.6642,,,0.6640881,,,,,,,,,,1.0,,,14.450958333333332,,,,
V081,109.0,0.3699248847198557,0.055264907692538,0.033860927152317866,12.1650947,4.656477409215184,035.dat,0.5002658411508735,2.0872209266209508e-07,322.4876534,115.0,0.1650774947833753,0.03917656594759592,0.031066225165562907,12.164987199999999,4.954340839408894,050.dat,0.49443164150568397,1.2067669926607632e-07,322.4876615,105.0,0.12647199692351307,0.025034421980525627,0.033455223880597025,12.165061999999999,4.908965782730028,022.dat,1.3349004875473682,1.3244640267912498e-06,322.4877208000001,81.0,1.4913728476989316,0.8829551513871087,0.1015425531914893,12.165909300000001,0.6273954463125315,057.dat,0.5963147719611376,7.80162221253936e-08,322.4865561000001,0.25348038976925885,2.7285195211529867e-08,0.09700000000000003,115.0,0.03917656594759592,0.031066225165562907,4.954340839408894,M15_2,Ndata,M15_2_050,322.4876615,12.164987199999999,0.6033,,,,,14.35,,0.25348038976925885,,,,,,0.0,0.02988088312882992,,14.259666666666668,??,0.3431962453324337,0.1615591709184816,0.13189940267103495
V082,,,,,12.167791699999999,,013.dat,,,322.487845,98.0,0.184419510664748,0.0319613733272805,0.019569343065693426,12.167816499999999,3.5225042223881435,016.dat,0.41821759638184397,1.0404828048120373e-07,322.4879507,109.0,0.2400819196516437,0.03457588532244101,0.02027659574468088,12.1677853,3.3904012446283365,010.dat,0.4655011803805233,2.4223751487993887e-07,322.4879079,85.0,0.0934469939855429,0.044391882853382775,0.020621848739495817,12.167779800000002,3.2788253571183144,013.dat,0.4720157821171868,1.434294715106856e-07,322.4878747,0.4919298619526155,1.7914470564800238e-07,0.032999999999999974,109.0,0.03457588532244101,0.02027659574468088,3.3904012446283365,M15_3,Ndata,M15_3_010,322.4879079,12.1677853,0.3691,,,,13.23,13.33,,0.4919298619526155,0.6717311498778344,,,,,0.0,0.01825982360816889,,13.286610169491524,??,0.6717311498778344,0.07550557543391356,0.06774911419068985
V083,124.0,0.3503715935018565,0.1353884439846164,0.0261840490797546,12.166088400000001,3.2675954076362403,026.dat,0.8259409390860888,4.996804426949573e-06,322.4982115,,,,,,,,,,,116.0,0.2180611139576314,0.12207257705754446,0.02578082191780824,12.1661036,3.3788571487398986,018.dat,0.911654833278808,3.6570186736104324e-07,322.4982391000001,50.0,0.5566957110977917,0.07339169355195939,0.027984374999999968,12.166076,3.1819697319989357,039.dat,0.4009904054274148,1.1082920576434896e-07,322.4981906000001,0.5163286265578979,9.973182210023186e-08,0.19799999999999912,124.0,0.1353884439846164,0.0261840490797546,3.2675954076362403,M15_1,Ndata,M15_1_026,322.4982115,12.166088400000001,0.7263,,,,,,,0.3867089649676905,,,,,,0.0,0.021505013711769216,,14.113403508771933,??,0.5163286265578979,0.1727411726380126,0.2494369528039453
V084,128.0,0.7355115385183559,0.18079110454301808,0.04002409638554213,12.1633771,5.755058139036107,032.dat,0.8017058390118434,3.400799693534545e-07,322.4996305,,,,,,,,,,,123.0,0.6394860485428051,0.0975363926007438,0.04745394736842108,12.1634301,5.767800126589875,026.dat,1.0868488423759155,5.669376025954953e-07,322.4996374,49.0,1.3139715504282297,0.23074659172577536,0.04627777777777777,12.1620315,5.572855681491597,058.dat,1.0420208611574489,1.5113193115854597e-06,322.497499,0.5433050731725235,8.62685895106915e-08,0.29400000000000104,128.0,0.18079110454301808,0.04002409638554213,5.755058139036107,M15_1,Ndata,M15_1_032,322.4996305,12.1633771,0.5872,,,,,14.5,,0.3926318050536013,,,,,,0.0,,,14.283992366412216,??,0.5433050731725235,0.26724624161698074,0.3151656503976508
V085,100.0,0.3507720277595734,0.2320176741003843,0.05436231884057968,12.1685786,3.094852982758695,041.dat,0.4456298301393706,1.0866962960431892e-07,322.499577,,,,,,,,,,,115.0,0.4418872119142137,0.2345388987765829,0.050364864864864835,12.1686019,3.16235018373532,032.dat,0.5422487789940039,1.6430148491868216e-05,322.4995924,,,,,,,,,,,,,0.28999999999999965,115.0,0.2345388987765829,0.050364864864864835,3.16235018373532,M15_3,Ndata,M15_3_032,322.4995924,12.1686019,,,,,,15.3,,,,,,,,1.0,,,15.102714285714288,,,,
V086,105.0,0.965102450165098,0.7919011133568498,0.02725675675675673,12.168600999999999,0.3292611689539093,005.dat,1.059682667369504,6.899266959913542e-06,322.4963932,60.0,1.3697078701386527,0.2070486812687321,0.025238636363636317,12.168616400000001,0.19593954514957976,006.dat,1.0599712114523678,4.560735671133594e-06,322.49647969999995,130.0,0.9322037936312879,1.2904264351987509,0.02942307692307695,12.1685918,0.3256405058847788,002.dat,1.060033822043538,2.7186966365986837e-06,322.49640639999996,60.0,1.164580421126029,0.5988479904815761,0.02673913043478261,12.1685779,0.4574894918077542,003.dat,1.0181738508400284,1.6430974807040203e-05,322.4963653,0.9414406185492359,5.459704022135054e-07,1.3699999999999997,130.0,1.2904264351987509,0.02942307692307695,0.3256405058847788,M15_3,Ndata,M15_3_002,322.49640639999996,12.1685918,,,,,,,,0.6996667779442433,,,,,16.829,1.0,,,13.47608053691275,Cepheid,0.9414406185492359,1.2979451627908318,1.3893890546041945
V087,161.0,0.16378770353404626,0.14636244796111572,0.012629411764705905,12.1612921,4.033650446487072,007.dat,1.2004292689259075,2.975930706909572e-06,322.5010457,,,,,,,,,,,127.0,0.13174439002528082,0.07316067232509367,0.00859420289855075,12.161299099999999,4.151606924365403,004.dat,0.4824553834891101,1.1384481408688569e-07,322.5010792,,,,,,,,,,,0.7713716467181815,2.892485296957767e-07,0.1120000000000006,161.0,0.14636244796111572,0.012629411764705905,4.033650446487072,M15_1,Ndata,M15_1_007,322.5010457,12.1612921,0.3208,,,,,13.3,,0.5690426160843042,,,,,,0.0,,,13.172449999999998,??,0.7713716467181815,0.15794343616853013,0.15647788254875472
V088,,,,,12.1751121,,029.dat,,,322.4930073000001,,,,,12.1751401,,044.dat,,,322.4930118000001,101.0,0.3420721223765053,0.2282621794933182,0.05197419354838708,12.175127699999999,0.4172950734100361,028.dat,0.32628119077597795,5.151536090018297e-08,322.4930649,72.0,0.6018016137519311,0.1988857702301224,0.04911214953271025,12.1751344,0.8109548204205059,049.dat,0.4567780002631328,7.591165296513804e-08,322.492922,,,0.5060000000000007,101.0,0.2282621794933182,0.05197419354838708,0.4172950734100361,M15_3,Ndata,M15_3_028,322.4930649,12.175127699999999,0.6822,,,0.6835572,,,,,,,,,,1.0,,,13.976768595041325,,,,
V089,,,,,12.166542100000001,,028.dat,,,322.4850466,114.0,0.1263843619587277,0.04034504415830327,0.01632894736842106,12.166584,5.403735910663201,035.dat,1.2301040818924696,7.85967961620091e-07,322.485135,101.0,0.3029679758394401,0.06724352645848605,0.017936936936936862,12.1665518,5.426312478910832,020.dat,0.7298878462760908,2.828299800875561e-07,322.4850906000001,97.0,0.287427930860531,0.07134601542999941,0.01662931034482758,12.166552900000001,5.563868283014251,035.dat,0.7616494065300696,7.875818882742302e-06,322.48503639999996,0.30459226002079626,5.028183105134459e-08,0.05799999999999855,114.0,0.04034504415830327,0.01632894736842106,5.403735910663201,M15_2,Ndata,M15_2_035,322.485135,12.166584,0.3789,,,,,14.19,,0.30459226002079626,,,,,,0.0,0.01632894736842106,,14.137590361445785,??,0.4085906004409208,0.11279843523735875,0.09764173878111926
V090,109.0,1.3822409258292672,0.7827591442847627,0.051940740740740725,12.168198199999999,2.981029001469065,025.dat,0.2877383213132094,4.4228550972049525e-08,322.5025309,,,,,,,,,,,109.0,1.0137304613060485,1.0629906558185012,0.058202898550724615,12.168175699999999,3.0638494946836765,019.dat,0.27902848867996993,4.339585360898095e-08,322.5025424,,,,,,,,,,,0.1519753799708272,1.5470767312906354e-08,0.6759999999999988,109.0,0.7827591442847627,0.051940740740740725,2.981029001469065,M15_1,chi2/N,M15_1_025,322.5025309,12.168198199999999,0.3823,,,,,13.6,,0.1519753799708272,,,,,,0.0,,,13.210745614035087,??,0.19869716900956352,0.4345195358397316,0.6321203785212504
V091,,,,,12.1753043,,061.dat,,,322.5110586,,,,,,,,,,,86.0,2.670618986610453,4.170462451437018,0.0432432432432432,12.1753219,0.28072451401729875,064.dat,0.7412370674435482,1.6823129698719176e-07,322.5110425,,,,,,,,,,,0.3909291000971252,1.2449596393931253e-07,0.5899999999999985,86.0,4.170462451437018,0.0432432432432432,0.28072451401729875,M15_3,Ndata,M15_3_064,322.5110425,12.1753219,0.6235,,,,15.4,16.25,,0.3909291000971252,,,,,,1.0,0.07745014318895274,,15.809954545454547,RRd,0.5210845419516634,0.5885254573811665,0.3780177919918746
V092,,,,,,,,,,,,,,,,,,,,,96.0,0.8409803458150353,0.519225529117966,0.057138211382113877,12.160322,0.7820688885942901,046.dat,0.3738868512600933,8.67424133328582e-08,322.4956728,60.0,1.6648972122184773,0.4671355747173597,0.06842253521126758,12.160281800000002,0.9831053133375468,026.dat,0.7563865138682605,2.1179543605706148e-07,322.4956331,0.3738868512600933,8.67424133328582e-08,0.9749999999999984,96.0,0.519225529117966,0.057138211382113877,0.7820688885942901,M15_3,Ndata,M15_3_046,322.4956728,12.160322,0.412,,,,,,,0.3738868512600933,,,,,,1.0,,,15.932104761904762,RRc,0.5086484696114321,0.8809777740191986,1.0966301729037848
V093,130.0,0.5251458355042384,0.4423884769633616,0.03653987730061351,12.1587006,3.4576767147666634,054.dat,0.5385270962097146,1.6627992370798303e-07,322.5003147,,,,,,,,,,,102.0,0.4500348297297503,0.2677817094132935,0.042936363636363634,12.158063,0.5983394829074971,083.dat,0.3970187841494627,1.2627591911095918e-07,322.50111789999994,,,,,,,,,,,0.3405988836188497,6.848828827027732e-08,0.4340000000000016,130.0,0.4423884769633616,0.03653987730061351,3.4576767147666634,M15_1,Ndata,M15_1_054,322.5003147,12.1587006,0.397,,,,,16.1,,0.3405988836188497,,,,,,1.0,0.03653987730061351,,15.763274509803926,RRc,0.4529140540208879,0.4616507796626674,0.5758108007532616
V094,75.0,0.30498538030106204,0.2754472348118668,0.025617021276595767,12.175052800000001,3.5801686347308235,030.dat,0.6907445619354206,3.1469162441725537e-06,322.494616,58.0,0.7011864938614547,0.16802960412148954,0.0213623188405797,12.175105499999999,3.8150521749128883,038.dat,0.8963924061191497,2.6732003868613075e-07,322.49469469999997,137.0,0.3373463456283403,0.5109066684058368,0.021668831168831167,12.1750457,3.6120523422888304,023.dat,0.6146405315136271,2.073772480043253e-07,322.4946236,90.0,0.32167524701344163,0.4663393789357251,0.020930693069307008,12.175057800000001,3.4832060297966665,045.dat,0.3234281806732892,6.658447561827108e-08,322.4945889,0.3951253070059033,8.243154284079263e-08,0.0009999999999999454,137.0,0.5109066684058368,0.021668831168831167,3.6120523422888304,M15_3,Ndata,M15_3_023,322.4946236,12.1750457,0.6629999999999999,,,,14.29,,,0.3951253070059033,0.5309935666308586,,,,,0.0,0.01486340460268747,,14.3255,??,0.5284431770303586,0.05525046723744609,0.041094168690934296
V095,147.0,0.12948917808098592,0.1827626422769653,0.010652941176470556,12.1558692,3.932457288007752,003.dat,1.0852238072687077,1.1688184379730914e-05,322.4939361,99.0,0.1318241883560951,0.12316077976385105,0.007961832061068697,12.155919800000001,3.606337116749229,003.dat,0.7155048511219889,3.5089341820308674e-07,322.4940229,68.0,0.2237992870162273,0.09836393849501042,0.013608695652173965,12.156332199999998,4.049308136679303,071.dat,0.23720585138235525,5.599469780424608e-08,322.49393399999997,45.0,0.2710273296481613,0.03539660624943345,0.009823529411764748,12.15622,4.26996202796229,044.dat,0.9700470365228948,1.6475374077164456e-06,322.49384439999994,1.2635774920279803,8.456768884090011e-07,0.15700000000000053,147.0,0.1827626422769653,0.010652941176470556,3.932457288007752,M15_1,Ndata,M15_1_003,322.4939361,12.1558692,,,,,,13.2,,0.9250912210147362,1.6535347883413338,,,,,1.0,0.010652941176470556,,12.998258426966288,Cepheid,1.2635774920279803,0.220330216590936,0.18006632893203367
V096,,,,,,,,,,,,,,,,,,,,,144.0,0.9342442000533692,2.9532676119686765,0.0163291139240506,12.2273139,0.5362943667029109,063.dat,0.39634640671430055,4.452026158970307e-06,322.5392599,,,,,,,,,,,0.3963603633076246,9.487923661500387e-08,0.5640000000000005,144.0,2.9532676119686765,0.0163291139240506,0.5362943667029109,M15_3,Ndata,M15_3_063,322.5392599,12.2273139,,,,0.3963543,15.0,,,0.3963603633076246,,,,0.396372,0.396372,1.0,,,16.003306666666667,RRc,0.5309854834905565,0.5598437539496022,0.4547918847744015
V097,,,,,,,,,,,93.0,0.768481177624798,0.06957604514037143,0.0195140186915888,12.1753496,0.4208904222435104,023.dat,0.6963242172442875,2.8634022281284487e-06,322.47013839999994,,,,,,,,,,,114.0,0.7522408516428687,0.13697002923728996,0.017442622950819695,12.175346300000001,0.5856772711912893,033.dat,0.6963545713307081,9.089623036928504e-07,322.4700756000001,0.6963545713307081,9.089623036928504e-07,0.8060000000000014,114.0,0.13697002923728996,0.017442622950819695,0.5856772711912893,M15_4,Ndata,M15_4_033,322.4700756000001,12.175346300000001,0.696336,0.696336,,0.6963688,,,,0.5056483811685287,,,,0.696329,0.696336,1.0,,,15.852741379310345,RRab,0.6963545713307081,0.22654290548581635,0.7969089855632436
V098,,,,,,,,,,,,,,,,,,,,,,,,,,,,,,,112.0,0.24262132961654004,0.06085036577130475,0.024223140495867768,12.180029800000002,0.6151394980811389,036.dat,0.8082933328241525,6.843785362729445e-07,322.4735138000001,0.6240637363037765,2.2491460623809146e-07,0.10199999999999904,112.0,0.06085036577130475,0.024223140495867768,0.6151394980811389,M15_4,Ndata,M15_4_036,322.4735138000001,12.180029800000002,,,,,,16.3,,0.4641302605211467,0.6240637363037765,,,,0.4701,0.0,0.04977473717037358,,16.17924074074074,??,0.6240637363037765,0.148679264036069,0.14682981482093282
V099,,,,,,,,,,,,,,,,,,,,,146.0,0.25204893508573,0.27344643714437444,0.014314465408805084,12.220936300000002,0.4235529669503365,073.dat,0.4503022275304176,1.495533662455869e-07,322.5012993,31.0,1.4133038753083689,0.0190869111071359,0.023441176470588253,12.2209041,2.3281834199090685,055.dat,0.465410502308289,1.4271810943973368e-07,322.5007255,0.2251418863679294,4.582041456656144e-08,0.2920000000000003,146.0,0.27344643714437444,0.014314465408805084,0.4235529669503365,M15_3,Ndata,M15_3_073,322.5012993,12.220936300000002,,0.290808,,0.29082040000000003,,,,0.2251418863679294,0.2996175098004113,,,,0.290808,1.0,0.010916934795022868,,15.931363636363635,RRc,0.2996175098004113,0.2638708981405742,0.22675504152411466
V0K3,,,,,,,,,,,,,,,,,,,,,,,,,,,,,,,,,,,,,,,,,,,,,,,,,,,,,0.631,,,,,,,,,,,,,1.0,,,,,,,
V0K4,,,,,,,,,,,,,,,,,,,,,,,,,,,,,,,,,,,,,,,,,,,,,,,,,,,,,0.3829,,,,,,,,,,,,,1.0,,,,,,,
V0K5,,,,,,,,,,,,,,,,,,,,,,,,,,,,,,,,,,,,,,,,,,,,,,,,,,,,,0.3647,,,,,,,,,,,,,1.0,,,,,,,
V0K6,,,,,,,,,,,,,,,,,,,,,,,,,,,,,,,,,,,,,,,,,,,,,,,,,,,,,0.754,,,,,,,,,,,,,1.0,,,,,,,
V0V1,,,,,,,,,,,,,,,,,,,,,,,,,,,,,,,,,,,,,,,,,,,,,,,,,,,,,0.0585,,,,,,,,,,,,,1.0,,,,,,,
V0V2,,,,,,,,,,,,,,,,,,,,,,,,,,,,,,,,,,,,,,,,,,,,,,,,,,,,,0.4166,,,,,,,,,,,,,1.0,,,,,,,
V0V3,,,,,,,,,,,,,,,,,,,,,,,,,,,,,,,,,,,,,,,,,,,,,,,,,,,,,0.421,,,,,,,,,,,,,1.0,,,,,,,
V0V4,,,,,,,,,,,,,,,,,,,,,,,,,,,,,,,,,,,,,,,,,,,,,,,,,,,,,0.3776,,,,,,,,,,,,,1.0,,,,,,,
V0V5,,,,,,,,,,,,,,,,,,,,,,,,,,,,,,,,,,,,,,,,,,,,,,,,,,,,,0.6101,,,,,,,,,,,,,1.0,,,,,,,
V0V6,,,,,,,,,,,,,,,,,,,,,,,,,,,,,,,,,,,,,,,,,,,,,,,,,,,,,0.3909,,,,,,,,,,,,,1.0,,,,,,,
V0V7,,,,,,,,,,,,,,,,,,,,,,,,,,,,,,,,,,,,,,,,,,,,,,,,,,,,,0.3854,,,,,,,,,,,,,1.0,,,,,,,
V0V8,,,,,,,,,,,,,,,,,,,,,,,,,,,,,,,,,,,,,,,,,,,,,,,,,,,,,0.6294,,,,,,,,,,,,,1.0,,,,,,,
V0V9,,,,,,,,,,,,,,,,,,,,,,,,,,,,,,,,,,,,,,,,,,,,,,,,,,,,,0.3915,,,,,,,,,,,,,1.0,,,,,,,
V100,133.0,0.9460318650329996,1.1512016348629948,0.08558024691358017,12.156583900000001,0.8246607029837862,057.dat,0.2370977338462384,3.5904523921060146e-08,322.4968803000001,,,,,,,,,,,79.0,1.9291895158577803,1.020107726409367,0.09127956989247298,12.1565967,0.7251576812636209,058.dat,0.3158339947180989,4.9491136261814674e-08,322.496908,,,,,,,,,,,0.3205959908686357,8.016685458113237e-08,0.4600000000000014,133.0,1.1512016348629948,0.08558024691358017,0.8246607029837862,M15_1,Ndata,M15_1_057,322.4968803000001,12.156583900000001,,,,0.4063688,15.8,16.35,,0.3205959908686357,,,,,0.406114,1.0,0.06413588146883348,,16.10182142857143,RRc,0.4236002008204946,0.5143585318987789,0.5633664534211356
V101,,,,,,,,,,,,,,,,,,,,,,,,,,,,,,,,,,,,,,,,,,,,,,,,,,,,,,,,,,,,,,,,,0.40036,1.0,,,,,,,
V102,65.0,0.41025265824770507,0.022697652230876008,0.01902597402597408,12.175454499999999,0.467184939228972,072.dat,0.7594900773063363,1.2165900475350416e-05,322.5129007,,,,,,,,,,,137.0,0.3706591820614875,0.08055307759649515,0.01922222222222225,12.175472000000001,0.4551086048874968,075.dat,0.7593811066834754,1.8569595633087811e-06,322.5128554,,,,,,,,,,,0.7593811066834754,1.8569595633087811e-06,0.5119999999999991,137.0,0.08055307759649515,0.01922222222222225,0.4551086048874968,M15_3,Ndata,M15_3_075,322.5128554,12.175472000000001,,,,0.7595775,,,,0.5671850592418041,,,,,0.7595,1.0,,,15.937232394366195,RRab,0.7593811066834754,0.23395719662636336,0.5650213606802357
V103,,,,,,,,,,,143.0,0.4883897623289837,0.6094482906796084,0.013439024390243928,12.090822,0.24676888370618424,046.dat,0.5838450557559621,1.3613269075423536e-06,322.4217341,,,,,,,,,,,,,,,,,,,,,0.5838450557559621,1.3613269075423536e-06,0.5930000000000004,143.0,0.6094482906796084,0.013439024390243928,0.24676888370618424,M15_2,Ndata,M15_2_046,322.4217341,12.090822,,,,0.368238,,,,0.42390096169273067,,,,0.368247,0.368247,1.0,,,15.840341935483872,RRab,0.5838450557559621,0.5517380535841436,0.5506549818082487
V104,,,,,,,,,,,,,,,,,,,,,,,,,,,,,,,,,,,,,,,,,,,,,,,,,,,,,,,,,,,,,,,,,0.414124,1.0,,,,,,,
V105,,,,,,,,,,,,,,,,,,,,,,,,,,,,,,,,,,,,,,,,,,,,,,,,,,,,,,,,,,,,,,,,,0.571155,1.0,,,,,,,
V106,,,,,,,,,,,,,,,,,,,,,,,,,,,,,,,,,,,,,,,,,,,,,,,,,,,,,0.3957,,,,,,,,,,,,,1.0,,,,,,,
V106a,90.0,0.0970118057642324,0.01901174074622689,0.019944444444444414,12.170824,9.17341693786458,031.dat,1.172597691981124,4.267004054556943e-07,322.48731019999997,,,,,12.1708825,,039.dat,,,322.4874816,88.0,0.682230616069166,0.4609084615802495,0.03843749999999997,12.1701008,0.6434299219197676,054.dat,0.3935627143410845,1.4056496254047707e-07,322.4846217,94.0,1.062114613990266,0.4627319620694372,0.04169911504424778,12.170081399999999,0.9846799727253152,050.dat,0.4942054545974916,5.945994638573022e-08,322.4845258,0.3935627143410845,1.4056496254047707e-07,0.8459999999999988,88.0,0.4609084615802495,0.03843749999999997,0.6434299219197676,M15_3,dist_to_GCVS,M15_3_054,322.4846217,12.1701008,,,,,,,,0.3935627143410845,,,,,,1.0,,,15.760700000000002,??,0.5276597774293913,0.8786733876724515,0.7099295472617513
V106b,76.0,0.30894937547872203,0.0413194169745931,0.015349514563106775,12.171562699999999,0.8155027059753805,002.dat,0.26887955066505803,3.746830902197616e-08,322.4839377,130.0,0.1544060239715197,0.036424142141193945,0.013720588235294082,12.171573500000001,0.4695649495729332,001.dat,0.5733335289455782,7.266712494229145e-07,322.4840417,108.0,0.08264825167304046,0.03690181000781046,0.00812931034482759,12.171521,0.6464546733263855,001.dat,1.0334473410818603,4.554839614656783e-06,322.4839831000001,103.0,0.2268395006474808,0.05422804657836523,0.012352459016393431,12.171532899999999,0.7658532923309564,001.dat,0.6367496124175756,4.054788510158973e-07,322.4839491,0.997568069052624,9.891087775920829e-08,0.057000000000000876,130.0,0.036424142141193945,0.013720588235294082,0.4695649495729332,M15_2,Ndata,M15_2_001,322.4840417,12.171573500000001,,,,,,12.925,,0.7324705063130353,,,,,,0.0,0.029555996798380207,,12.824207692307693,??,0.997568069052624,0.07361392993074213,0.1003459447373416
V107,101.0,1.771565731829373,0.20145033705196785,0.02968965517241375,12.1598854,7.732082187162918,027.dat,0.5572228039886357,6.055547491420524e-07,322.4863297,133.0,0.7238970767825226,1.6221980919445045,0.044192052980132436,12.160411999999999,0.16379642396845215,029.dat,0.3262116535987465,3.031126432620828e-07,322.4841757,82.0,0.7532391237846632,1.0325517282630214,0.03980434782608695,12.1603849,0.2977890023976264,049.dat,0.2545489393601323,5.8495331176928876e-08,322.4841496,75.0,1.0409723471772203,0.9680977769998098,0.03963636363636365,12.1603855,0.5088988273480176,034.dat,0.2920799274705134,8.589785213252981e-07,322.4840769,0.2272404726132877,3.517360199611198e-08,0.4780000000000002,133.0,1.6221980919445045,0.044192052980132436,0.16379642396845215,M15_2,Ndata,M15_2_029,322.4841757,12.160411999999999,,,,,15.0,15.7,,0.2272404726132877,0.5704034884622218,,,,,1.0,0.03425616004921165,,15.434877777777777,RRc,0.3044404444744814,0.3868848420750304,0.3660055646381082
V108,94.0,1.6008715930553077,0.13457802319484072,0.03210434782608701,12.1522503,1.0943775970064409,063.dat,0.5572182118770742,2.3353490286789288e-07,322.4840149,123.0,0.9230009594607278,0.18537300583701768,0.030108108108108086,12.1523179,0.4132229167805062,041.dat,0.3100706796592709,7.522308661857689e-08,322.4841994,,,,,,,,,,,,,,,,,,,,,,,0.15999999999999887,123.0,0.18537300583701768,0.030108108108108086,0.4132229167805062,M15_2,Ndata,M15_2_041,322.4841994,12.1523179,,,,,15.4,15.8,,,,,,,,1.0,,,15.654779527559054,,,,
V109,118.0,0.5966756521300773,0.15248974786252728,0.05745783132530121,12.1590396,3.885090627255498,044.dat,0.8879183018794758,8.333987078077405e-06,322.49728789999995,,,,,,,,,,,90.0,0.4874416763201062,0.4490989278500437,0.07437500000000005,12.1578713,0.5925247171153294,076.dat,0.2304075089813333,3.6059611317139517e-08,322.496992,,,,,12.1590653,,019.dat,,,322.4972076,,,0.43599999999999867,118.0,0.15248974786252728,0.05745783132530121,3.885090627255498,M15_1,Ndata,M15_1_044,322.49728789999995,12.1590396,,,,,,,,,,,,,,1.0,,,15.36655782312925,,,,
V110,114.0,0.4733978914552193,0.17453533759160494,0.04948192771084341,12.1562154,1.0243757094005437,046.dat,0.6370184068199143,1.9593375236898035e-07,322.5022351,,,,,,,,,,,96.0,2.290516395340612,0.12353782678511015,0.03878504672897188,12.1567579,4.188208341544264,051.dat,0.3677308676231925,6.344666684128638e-08,322.501392,,,,,,,,,,,0.6751956330190616,2.065521176688521e-07,0.27199999999999896,114.0,0.17453533759160494,0.04948192771084341,1.0243757094005437,M15_1,Ndata,M15_1_046,322.5022351,12.1562154,,,,,,15.7,,0.4916411327915603,0.3780254805790336,,,,,0.0,0.049481927710843414,,15.451402439024394,??,0.6751956330190616,0.2994654148688713,0.32586734558882924
V111,112.0,0.2373243674798147,0.09422856545165514,0.035583892617449625,12.1674214,0.97646208002784,080.dat,0.3869137589461846,9.952029866934684e-08,322.50477739999997,,,,,,,,,,,138.0,1.1573365040620909,0.2463398483452893,0.03977124183006536,12.167405300000002,0.8827719602968239,084.dat,0.5801234199561737,1.8292565068159305e-07,322.5048275,,,,,,,,,,,0.3781301628892052,7.452388595009225e-08,0.3279999999999981,138.0,0.2463398483452893,0.03977124183006536,0.8827719602968239,M15_3,Ndata,M15_3_084,322.5048275,12.167405300000002,0.4089,,,,16.0,,,0.3781301628892052,0.5063210224854096,,,,,1.0,0.03256110021688568,,16.303804347826084,RRc,0.5063210181640261,0.3404591131340382,0.2994485864619634
V112,,,,,,,,,,,,,,,,,,,,,,,,,,,,,,,,,,,,,,,,,,,,,,,,,,,,,,,,,,,,,,,,,,1.0,,,,,,,
V113,117.0,0.14195952214100593,0.09281747912694192,0.00944705882352939,12.0980089,0.5467699747779424,058.dat,0.6840191027423767,1.661431457255114e-05,322.4947396,65.0,0.17453210492031346,0.049433550942812716,0.011504950495049434,12.0981009,1.181964334545957,013.dat,0.7713777992216228,3.604545603907456e-07,322.49453969999996,,,,,,,,,,,,,,,,,,,,,0.4061805667812245,8.335193788157281e-08,0.09700000000000003,117.0,0.09281747912694192,0.00944705882352939,0.5467699747779424,M15_1,Ndata,M15_1_058,322.4947396,12.0980089,,0.40603,,0.4059446,,15.81,,0.4061805667812245,0.5582126654787973,,,,0.40603,1.0,0.01130764994141598,,15.730420560747664,RRc,0.5582128564589933,0.14522662486177929,0.10171439562746264
V114,,,,,,,,,,,,,,,12.1766953,,015.dat,,,322.4952187,118.0,1.4391242798642612,4.101254071221228,0.03635172413793104,12.1776781,0.3549957557050425,059.dat,0.4803091147386213,1.128377953536885e-06,322.4935248,74.0,1.3241621958894123,0.4990538189010881,0.03452475247524756,12.177638,0.3680738499594969,046.dat,0.47478764083385,1.1559626467949633e-07,322.4935246,0.3459335282049453,9.329471217398994e-08,0.392,118.0,4.101254071221228,0.03635172413793104,0.3549957557050425,M15_3,Ndata,M15_3_059,322.4935248,12.1776781,0.3579,,,,15.0,,,0.3459335282049453,,,,,,1.0,0.07561977398009481,,15.58872,RRc,0.4763962001043698,45.45301625259013,45.531984526260565
V115,119.0,1.209085565018713,0.6511346039149135,0.044658536585365866,12.1646913,2.410625570684122,008.dat,0.5741436561964071,1.2056033084976867e-07,322.49622769999996,75.0,0.39282833398150174,0.3424844526294717,0.04271559633027525,12.1647715,2.4773496521559624,009.dat,0.2501017485111712,6.008558170928242e-08,322.4962411,103.0,0.914949861758334,0.6891765365446436,0.044358620689655216,12.1647075,2.576361116689739,006.dat,0.5341946842456164,1.5711337045494955e-07,322.4961836,65.0,0.4918415581903464,0.268143729714077,0.04452325581395344,12.164707199999999,2.742816117055166,006.dat,0.6491233000340473,2.952081183755208e-07,322.4961336,2.7122862916628945,3.7875501441820815e-06,0.2110000000000008,119.0,0.6511346039149135,0.044658536585365866,2.410625570684122,M15_1,Ndata,M15_1_008,322.49622769999996,12.1646913,,,,,12.6,13.0,,1.9997826051871133,,,,,,0.0,0.053413402658151296,,12.86380459770115,??,2.7122862916628945,0.2569614067887258,0.2922234951533351
V116,136.0,0.10767292083588664,0.05275643707478861,0.016811764705882394,12.153167199999999,2.388782767316597,004.dat,0.9040378953629574,8.175245509122406e-07,322.4970226000001,57.0,0.18016828574894994,0.02223942896407668,0.015182926829268271,12.153026400000002,3.769702977522945,058.dat,0.32998404395125736,5.892686185643787e-08,322.49663119999997,,,,,,,,,,,,,,,,,,,,,0.9656899257457888,3.7086166534661883e-07,0.08400000000000013,136.0,0.05275643707478861,0.016811764705882394,2.388782767316597,M15_1,Ndata,M15_1_004,322.4970226000001,12.153167199999999,,,,0.6137645,,12.98,,0.7064786173108204,,,,,,0.0,0.020119059777695854,,12.918573643410854,??,0.9656899257457888,0.1248845704985566,0.14282835433033725
V117,,,,,12.1570781,,015.dat,,,322.4992409,,,,,,,,,,,100.0,0.25094972575922725,0.02551801137120984,0.018055045871559625,12.157071,7.679626608742722,009.dat,0.6628810824844861,2.7754928727070215e-07,322.4992433000001,,,,,,,,,,,0.9941967081346892,3.0640886044138733e-07,0.05299999999999955,100.0,0.02551801137120984,0.018055045871559625,7.679626608742722,M15_3,Ndata,M15_3_009,322.4992433000001,12.157071,0.6869,,,,,13.45,,0.7446365231145641,,,,,,0.0,0.026860028354346185,,13.364040404040404,??,0.9941967081346892,0.09365197156299844,0.1225006945911069
V118,,,,,,,,,,,,,,,,,,,,,120.0,1.980117217339929,2.2170838442943883,0.029624203821656037,12.182072199999999,0.5911280135680176,037.dat,0.22401467200321865,3.0330031086899976e-08,322.4981126,62.0,0.43887336312293,0.09197792051607144,0.02710714285714284,12.1820701,0.7219131116050412,011.dat,0.7396103714420318,2.813400554383549e-07,322.4980702000001,0.2999957717287329,7.841509234484582e-08,0.5939999999999999,120.0,2.2170838442943883,0.029624203821656037,0.5911280135680176,M15_3,Ndata,M15_3_037,322.4981126,12.182072199999999,0.3,,,0.2999837,14.5,,,0.2999957717287329,0.5425871585420121,,,,,1.0,,,15.349029850746266,RRc,0.4145955491926985,0.4757836843770704,0.4981940867037071
V119,97.0,0.3119842770690173,0.10732933941205576,0.02808510638297871,12.1698529,5.4693927000756695,039.dat,0.2279009054572603,2.80993280819372e-08,322.4996398,,,,,,,,,,,126.0,2.4322935665882195,0.091772051511815,0.034789115646258466,12.1697359,5.106880772824576,021.dat,0.760769464164432,2.650294660668572e-07,322.49747149999996,,,,,12.1692905,,052.dat,,,322.4986475,0.7331843521941044,2.93063579370847e-07,0.0909999999999998,126.0,0.091772051511815,0.034789115646258466,5.106880772824576,M15_3,Ndata,M15_3_021,322.49747149999996,12.1697359,0.4406,,,,14.0,14.49,,0.5366323406505507,,,,,,0.0,0.029305831442033192,,14.369532467532467,??,0.7331843521941044,0.14061856171437448,0.1604769150096299
V120,113.0,0.7666275731751622,0.1802953976193641,0.027789808917197456,12.166938,4.193891982112962,017.dat,0.31009176494598434,4.3866573108088284e-08,322.5025181000001,,,,,,,,,,,122.0,1.1394226778356398,0.2419387423941141,0.026096153846153863,12.1669454,4.215516964038234,012.dat,0.5689966410103359,1.001449372952541e-06,322.5025196,,,,,,,,,,,,,0.23199999999999985,122.0,0.2419387423941141,0.026096153846153863,4.215516964038234,M15_3,Ndata,M15_3_012,322.5025196,12.1669454,,,,,13.2,,,,0.5425871585420121,,,,,1.0,,,13.422068702290078,,,,
V121,,,,,,,,,,,,,,,,,,,,,84.0,0.05136456538772727,0.018058447005971368,0.0062156862745097975,12.2092918,0.4363408497140944,005.dat,0.8312007110360938,4.088902332493785e-07,322.4840091,115.0,0.056367443606424324,0.027032970336036542,0.00879508196721306,12.209302099999999,0.4817985617664818,007.dat,0.5403813934521255,2.714878353865988e-07,322.4839791,0.2422340094475433,3.03905592468027e-08,0.007000000000000173,115.0,0.027032970336036542,0.00879508196721306,0.4817985617664818,M15_4,Ndata,M15_4_007,322.4839791,12.209302099999999,,,,,13.09,13.167,,0.2422340094475433,,,,,,0.0,0.020480114094381267,,13.126747747747748,??,0.33727109126701604,0.05318039356396298,0.052891361927660085
V122,59.0,0.1916370493013737,0.012907917401861507,0.012070422535211246,12.174035,0.6035115689070748,040.dat,0.3641631710296997,5.904390958715067e-08,322.5659904,,,,,,,,,,,151.0,0.058578240469985936,0.024151536901205136,0.010371069182389931,12.174053500000001,0.5578874514698525,033.dat,0.6342006205136266,1.8443574342155704e-06,322.5659927,,,,,,,,,,,0.5741492005496489,1.2495990412314827e-07,0.04400000000000098,151.0,0.024151536901205136,0.010371069182389931,0.5578874514698525,M15_3,Ndata,M15_3_033,322.5659927,12.174053500000001,,,,,,15.08,,0.4218293856205144,,,,,0.087004,0.0,0.024783918733751388,,15.020822368421054,??,0.5741492005496489,0.08517305088824756,0.10127718336810963
V123,,,,,,,,,,,113.0,0.044663596377070285,0.02396702927026159,0.010037267080745378,12.1647648,0.4361567830439072,007.dat,0.7154980351439247,4.27553953718287e-06,322.4288978,,,,,,,,,,,99.0,0.05085234299912855,0.014142489210430103,0.0120673076923077,12.1647949,0.4702183450556495,014.dat,0.404215091471631,1.634537714246169e-07,322.4288723,0.7154980351439247,4.27553953718287e-06,0.03600000000000009,113.0,0.02396702927026159,0.010037267080745378,0.4361567830439072,M15_2,Ndata,M15_2_007,322.4288978,12.1647648,,,,,,,,0.5276866186728615,,,,,,1.0,,,15.315695652173913,RRab,0.7154980351439247,0.07585507748314235,0.09843404869567962
V124,,,,,,,,,,,156.0,0.039344784026134505,0.022570484739858152,0.009932926829268295,12.1112755,0.26332571729572624,005.dat,0.9524386770466146,3.843767636581773e-06,322.4589318,,,,,,,,,,,,,,,,,,,,,,,0.045999999999999874,156.0,0.022570484739858152,0.009932926829268295,0.26332571729572624,M15_2,Ndata,M15_2_005,322.4589318,12.1112755,,,,,,,,,,,,,,1.0,,,15.341401273885353,,,,
V125,,,,,,,,,,,,,,,,,,,,,,,,,,,,,,,,,,,,,,,,,,,,,,,,,,,,,,,,,,,,,,,,,,1.0,,,,,,,
V126,,,,,,,,,,,,,,,,,,,,,,,,,12.167359199999998,,081.dat,,,322.5444332,,,,,,,,,,,,,,,,,,,,,,,,,,,,,,,,,,,,1.0,,,,,,,
V127,,,,,,,,,,,,,,,,,,,,,,,,,12.192426800000002,,029.dat,,,322.5870882,,,,,,,,,,,,,,,,,,,,,,,,,,,,,,,,,,,,1.0,,,,,,,
V128,114.0,1.4247079764850739,0.4087162367715061,0.060797546012269964,12.1668067,1.8296017288278144,000.dat,0.9286305914951276,4.464645367959439e-07,322.4930389,,,,,,,,,,,,,,,,,,,,,,,,,,,,,,,,,0.5710000000000002,114.0,0.4087162367715061,0.060797546012269964,1.8296017288278144,M15_1,Ndata,M15_1_000,322.4930389,12.1668067,0.3892,,,,11.6,12.6,,,,,,,,1.0,0.0698659740329653,,12.170742574257426,,,,
V129,116.0,0.7095400646804872,0.18989578344376376,0.02482634730538924,12.162906300000001,4.7940952793273635,006.dat,0.5801776093257671,1.9357989970247713e-07,322.4922193999999,,,,,12.1623872,,040.dat,,,322.490737,112.0,0.3193933761285628,0.0657898919501667,0.023857142857142903,12.1629246,4.661090577718476,003.dat,0.2608130690425958,1.535708433412777e-07,322.4921865,71.0,1.926744439155384,2.499902279380228,0.046288888888888886,12.1624265,4.230434601774965,037.dat,0.4640460982468102,2.675145942827407e-07,322.491489,0.2200683649184486,3.50377702507391e-08,0.10699999999999983,112.0,0.0657898919501667,0.023857142857142903,4.661090577718476,M15_3,chi2/N,M15_3_003,322.4921865,12.1629246,0.6895,,,,12.9,,,0.2200683649184486,,,,,,0.0,0.02869879883966182,,13.091964601769913,??,0.29760975102886905,0.13426291762487352,0.11152801582589866
V130,139.0,0.12675836109619354,0.07818640796474845,0.02521568627450982,12.164621499999999,0.7613810729300069,018.dat,0.9123941410718508,6.981073903810795e-07,322.4911372,122.0,0.3124994503050917,0.08593381682594027,0.021330769230769257,12.1646665,1.009657509755444,019.dat,0.6347560997782614,2.5082096927962896e-07,322.4912137,,,,,12.1646508,,011.dat,,,322.491143,82.0,0.2610123488679452,0.02573062978441864,0.02215686274509809,12.164638,0.801062613326063,015.dat,0.6702724001561787,2.245235693782895e-07,322.4911068,,,0.10000000000000014,139.0,0.07818640796474845,0.02521568627450982,0.7613810729300069,M15_1,Ndata,M15_1_018,322.4911372,12.164621499999999,0.6456,,,,,13.53,,,0.5425871585420121,,,,,1.0,,,13.4436935483871,,,,
V131,,,,,,,,,,,,,,,,,,,,,87.0,0.2265653058282151,0.04624410537171041,0.060256637168141586,12.1666701,3.0963330735976577,017.dat,0.2661515038451497,1.7496059603831367e-07,322.49021039999997,,,,,,,,,,,,,0.2579999999999996,87.0,0.04624410537171041,0.060256637168141586,3.0963330735976577,M15_3,Ndata,M15_3_017,322.49021039999997,12.1666701,0.3774,,,,,,,,,,,,,1.0,,,13.952041666666664,,,,
V132,,,,,,,,,,,,,,,,,,,,,,,,,,,,,,,,,,,,,,,,,,,,,,,,,,,,,0.4002,,,,,,,,,,,,,1.0,,,,,,,
V133,,,,,,,,,,,,,,,,,,,,,,,,,,,,,,,,,,,,,,,,,,,,,,,,,,,,,,,,,,,,,,,,,,1.0,,,,,,,
V134,,,,,,,,,,,,,,,,,,,,,,,,,,,,,,,,,,,,,,,,,,,,,,,,,,,,,0.6248,,,,,,,,,,,,,1.0,,,,,,,
V135,,,,,,,,,,,,,,,,,,,,,,,,,,,,,,,,,,,,,,,,,,,,,,,,,,,,,,,,,,,,,,,,,,1.0,,,,,,,
V136,,,,,,,,,,,,,,,,,,,,,,,,,,,,,,,,,,,,,,,,,,,,,,,,,,,,,0.7232,,,,,,,,,,,,,1.0,,,,,,,
V137,,,,,,,,,,,,,,,,,,,,,,,,,,,,,,,,,,,,,,,,,,,,,,,,,,,,,0.5388,,,,,,,,,,,,,1.0,,,,,,,
V138,,,,,,,,,,,,,,,,,,,,,,,,,,,,,,,,,,,,,,,,,,,,,,,,,,,,,0.7290000000000001,,,,,,,,,,,,,1.0,,,,,,,
V139,,,,,,,,,,,,,,,,,,,,,,,,,,,,,,,,,,,,,,,,,,,,,,,,,,,,,0.3239,,,,,,,,,,,,,1.0,,,,,,,
V140,73.0,2.248553173624728,1.4904989006850298,0.06179120879120885,12.167292999999999,0.15173054246364506,009.dat,0.2354491875922976,2.9098991883598815e-08,322.4942625,,,,,,,,,,,,,,,,,,,,,,,,,,,,,,,1.776476681020266,1.108842551561989e-06,0.34500000000000114,73.0,1.4904989006850298,0.06179120879120885,0.15173054246364506,M15_1,Ndata,M15_1_009,322.4942625,12.167292999999999,,,,,12.9,13.4,,1.307615474136219,,,,,,1.0,0.06983863568306445,,13.089604166666666,Cepheid,1.776476681020266,0.26838638660981395,0.4367116237994786
V141,,,,,,,,,,,,,,,,,,,,,,,,,,,,,,,,,,,,,,,,,,,,,,,,,,,,,0.3644,,,,,,,,,,,,,1.0,,,,,,,
V142,,,,,,,,,,,,,,,,,,,,,,,,,,,,,,,,,,,,,,,,,,,,,,,,,,,,,1.2266,,,,,,,,,,,,,1.0,,,,,,,
V143,118.0,0.2090976874587671,0.12396588122375694,0.03813496932515334,12.1611793,3.8750924611687734,037.dat,0.4225597262444537,1.1580663394516733e-07,322.4946162,86.0,0.3168767277797269,0.12902268586097165,0.03898425196850388,12.161207899999999,3.8522800978393614,053.dat,0.9856801991584838,4.295733834937477e-06,322.4946740000001,90.0,0.6433285424187893,0.14174348640220494,0.04180314960629918,12.1611786,3.82105724555812,030.dat,0.9787041250789559,4.000258328851419e-07,322.4945647,56.0,0.3470892595066655,0.0629322564612816,0.03979999999999997,12.1611771,3.7984090729104114,061.dat,0.5691719495144043,4.128450718904646e-06,322.49453619999997,0.6948556068642824,5.447723887262453e-07,0.23599999999999935,118.0,0.12396588122375694,0.03813496932515334,3.8750924611687734,M15_1,Ndata,M15_1_037,322.4946162,12.1611793,,,,,14.65,14.95,,0.5232359276908292,,,,,,0.0,,,14.802914529914535,??,0.6948556068642824,0.3342931063465677,0.28796135781781906
V144,,,,,,,,,,,,,,,,,,,,,,,,,,,,,,,,,,,,,,,,,,,,,,,,,,,,,0.2985,,,,,,,,,,,,,1.0,,,,,,,
V145,120.0,0.14243891627271132,0.060078513139727424,0.021788079470198705,12.1673926,0.8347655765909912,016.dat,0.2684729448164335,4.855122102734793e-08,322.4972599,69.0,0.9373845066583628,0.046320879521304086,0.022770114942528712,12.1674375,0.5615163278884945,034.dat,0.5875547614207991,1.7058319283693467e-07,322.4971816000001,144.0,0.2383322405653239,0.17757717547293245,0.02204575163398695,12.167409,0.7931159961400251,008.dat,0.6337625389380541,6.6373290838258475e-06,322.4972628,71.0,0.2954917453277215,0.0645920023481631,0.019966292134831424,12.1673905,0.7921029011391774,010.dat,0.26763506620768035,1.7051583916453516e-07,322.49723339999997,0.42257074002198464,1.679317432768499e-07,0.16300000000000076,144.0,0.17757717547293245,0.02204575163398695,0.7931159961400251,M15_3,Ndata,M15_3_008,322.4972628,12.167409,0.4182,,,,,13.5,,0.42257074002198464,,,,,,0.0,,,13.38277037037037,??,0.5773206418589389,0.2430916604889788,0.20164092080623766
V146,,,,,,,,,,,,,,,,,,,,,,,,,,,,,,,,,,,,,,,,,,,,,,,,,,,,,,,,,,,,,,,,,,1.0,,,,,,,
V147,102.0,1.3999131894580241,0.34384741449307005,0.04612765957446805,12.1657007,3.471196332303641,010.dat,1.0858327724832952,6.417362921308961e-07,322.49579869999997,76.0,0.9920846464691202,0.1850333814594908,0.04694339622641513,12.1657224,3.6796578090170224,012.dat,0.2607725463676279,1.6588933814429624e-07,322.4959355,98.0,0.8627415952700712,0.15623179792228026,0.04503623188405801,12.165697699999999,3.5531614515484637,007.dat,1.2500555002662,1.4059491772992632e-06,322.49583789999997,61.0,1.0805745380197092,0.11432642671193285,0.04603614457831324,12.1656898,3.5025859212568933,008.dat,0.42251606926189456,8.806105993064408e-08,322.4957974,3.0724842427812904,9.816239580989574e-06,0.10699999999999983,61.0,0.11432642671193285,0.04603614457831324,3.5025859212568933,M15_4,chi2/N,M15_4_008,322.4957974,12.1656898,,,,,12.86,13.08,,2.264120962495126,,,,,,0.0,0.04944630461336349,,12.964846153846155,??,3.0724842427812904,0.4989626874714279,0.5018320567501213
V148,,,,,,,,,,,,,,,,,,,,,,,,,,,,,,,,,,,,,,,,,,,,,,,,,,,,,,,,,,,,,,,,,,1.0,,,,,,,
V149,120.0,0.17393303480818112,0.05460923610595403,0.03338028169014092,12.1689375,1.6054503482849116,022.dat,0.6648399604089003,3.095736960907062e-07,322.4940997,85.0,0.3139734547715349,0.028189715562887917,0.030820754716981067,12.1689715,1.8814709779130536,022.dat,0.4945379715202597,1.9542406975474056e-07,322.4942043,,,,,,,,,,,,,,,,,,,,,,,0.08900000000000091,120.0,0.05460923610595403,0.03338028169014092,1.6054503482849116,M15_1,Ndata,M15_1_022,322.4940997,12.1689375,,,,,,13.64,,,,,,,,1.0,0.03761735135833617,,13.553533333333334,,,,
V150,108.0,0.3261488177903775,0.14893872382329934,0.03758741258741264,12.1714326,4.155563248027809,012.dat,0.2115374392900347,3.161548050582157e-08,322.4950052,76.0,0.2759727728650017,0.06432342654950655,0.035099009900990095,12.1715171,4.401163553097085,024.dat,0.4584797376741209,8.79224692357868e-07,322.49491739999996,114.0,0.3129861706565791,0.14569815603048966,0.03368589743589745,12.171465199999998,4.235817381409902,013.dat,1.0432005014463643,1.13496730012595e-05,322.4949537,62.0,0.3389548174273447,0.07693819882974268,0.03271717171717172,12.171461599999999,4.207491066538067,017.dat,1.1749232088801942,1.0476772931874984e-05,322.4949258,1.0432005014463643,1.13496730012595e-05,0.2980000000000005,114.0,0.14569815603048966,0.03368589743589745,4.235817381409902,M15_3,Ndata,M15_3_013,322.4949537,12.171465199999998,,,,,,,,0.7795249576352109,,,,,,0.0,,,13.148673469387756,??,1.0432005014463643,0.331266922379319,0.31567553102896184
V152,,,,,,,,,,,,,,,,,,,,,,,,,,,,,,,,,,,,,,,,,,,,,,,,,,,,,,,,,,,,,,,,,,1.0,,,,,,,
V154,94.0,0.4023021637432862,0.15966907338901634,0.04242857142857146,12.1712073,4.053970231880546,011.dat,0.3282574811154512,7.006942953184722e-08,322.49136489999995,93.0,0.43515695148680855,0.2838848802093298,0.047931034482758685,12.170816199999999,2.316553585945834,027.dat,0.5066795628727103,2.928912705167042e-07,322.49165960000005,125.0,0.9126306546273302,0.5400347394515411,0.05124,12.1707591,2.3555335588624864,016.dat,0.20413525964262166,3.134281160857596e-08,322.4915937,94.0,0.6663256092655203,0.3706378003718451,0.049303571428571454,12.1707561,2.4344230051761664,027.dat,0.6860848624833696,4.023125972147133e-07,322.4915635,0.864274135733,3.178917657328138e-07,0.3959999999999995,125.0,0.5400347394515411,0.05124,2.3555335588624864,M15_3,Ndata,M15_3_016,322.4915937,12.1707591,,,,,,13.6,,0.6389895043883882,,,,,,0.0,,,13.001821138211383,??,0.864274135733,0.4036833853039905,0.4379340512888437
V155,,,,,,,,,,,84.0,0.3945298247587203,0.2708992802814616,0.0544056603773585,12.1697469,2.677600744241928,042.dat,0.6094037207768429,7.004566041954018e-06,322.4907086,114.0,0.5635331963534487,0.3568852975173189,0.05129850746268655,12.169706300000001,2.445619836646129,024.dat,1.083417446276588,8.906533722505617e-07,322.4906561,,,,,,,,,,,0.9118914273339936,2.66179469976544e-07,0.4259999999999989,114.0,0.3568852975173189,0.05129850746268655,2.445619836646129,M15_3,Ndata,M15_3_024,322.4906561,12.169706300000001,,,,,14.53,,,0.6810500932256387,,,,,,0.0,,,14.773247524752474,Cepheid,0.9118914273339936,0.4542853753373919,0.5502454175714337
V158,,,,,,,,,,,111.0,0.7102316867432101,0.2410652430507343,0.19713245033112586,12.1030835,0.5342824615654735,057.dat,1.0945639029131171,1.1097942436407247e-06,322.4675592,,,,,,,,,,,,,,,,,,,,,0.1180828903016581,9.70581722751577e-09,0.6769999999999983,111.0,0.2410652430507343,0.19713245033112586,0.5342824615654735,M15_2,Ndata,M15_2_057,322.4675592,12.1030835,,,,,19.6,20.38,,0.1180828903016581,,,,,,0.0,,,19.97094495412844,??,0.15505619314984015,0.7823616253603021,0.6955533414748949
